timestamp_us,shunt_voltage_mV,bus_voltage_V,current_mA,power_mW,workload_state,status
20309,0.332500,5.087500,33.250,167.500,0,OK
40278,0.335000,5.083750,33.500,170.000,0,OK
60289,0.332500,5.087500,33.250,170.000,0,OK
80278,0.335000,5.087500,33.500,170.000,0,OK
100289,0.332500,5.088750,33.250,170.000,0,OK
120278,0.332500,5.088750,33.250,170.000,0,OK
140289,0.345000,5.088750,33.250,170.000,0,OK
160278,0.337500,5.088750,33.250,170.000,0,OK
180289,0.335000,5.090000,33.250,170.000,0,OK
200278,0.335000,5.088750,33.500,170.000,0,OK
220289,0.335000,5.085000,33.500,170.000,0,OK
240278,0.332500,5.087500,33.250,170.000,0,OK
260289,0.335000,5.087500,33.500,170.000,0,OK
280278,0.330000,5.088750,33.000,167.500,0,OK
300289,0.335000,5.087500,33.500,170.000,0,OK
320278,0.340000,5.087500,33.500,170.000,0,OK
340289,0.335000,5.088750,33.250,170.000,0,OK
360278,0.335000,5.088750,33.250,170.000,0,OK
380289,0.335000,5.088750,33.500,170.000,0,OK
400278,0.335000,5.087500,33.500,170.000,0,OK
420289,0.332500,5.087500,33.250,170.000,0,OK
440278,0.332500,5.087500,33.250,170.000,0,OK
460289,0.332500,5.090000,33.250,170.000,0,OK
480278,0.337500,5.087500,33.750,172.500,0,OK
500289,0.335000,5.088750,33.500,170.000,0,OK
520278,0.332500,5.088750,33.000,167.500,0,OK
540289,0.335000,5.088750,33.250,170.000,0,OK
560278,0.332500,5.082500,33.250,170.000,0,OK
580289,0.335000,5.086250,33.500,170.000,0,OK
600278,0.332500,5.088750,33.250,170.000,0,OK
620289,0.335000,5.088750,33.500,170.000,0,OK
640278,0.337500,5.088750,33.750,172.500,0,OK
660289,0.352500,5.087500,33.000,167.500,0,OK
680278,0.340000,5.087500,33.750,172.500,0,OK
700289,0.335000,5.087500,33.500,170.000,0,OK
720278,0.332500,5.088750,33.250,167.500,0,OK
740289,0.330000,5.083750,33.000,167.500,0,OK
760278,0.332500,5.087500,33.250,170.000,0,OK
780289,0.335000,5.088750,33.500,170.000,0,OK
800278,0.335000,5.088750,33.500,170.000,0,OK
820289,0.332500,5.087500,33.250,170.000,0,OK
840278,0.347500,5.088750,33.500,170.000,0,OK
860289,0.335000,5.088750,33.250,170.000,0,OK
880278,0.335000,5.088750,33.250,170.000,0,OK
900289,0.332500,5.088750,33.250,167.500,0,OK
920278,0.332500,5.085000,33.250,170.000,0,OK
940289,0.332500,5.087500,33.250,170.000,0,OK
960278,0.332500,5.088750,33.250,170.000,0,OK
980289,0.332500,5.090000,33.250,170.000,0,OK
1000278,0.332500,5.087500,33.250,170.000,0,OK
1020289,0.337500,5.088750,33.250,170.000,0,OK
1040278,0.335000,5.090000,33.000,167.500,0,OK
1060289,0.335000,5.088750,33.250,170.000,0,OK
1080278,0.332500,5.082500,33.250,170.000,0,OK
1100289,0.332500,5.085000,33.250,170.000,0,OK
1120278,0.330000,5.088750,33.000,167.500,0,OK
1140289,0.330000,5.088750,33.000,167.500,0,OK
1160278,0.332500,5.088750,33.250,170.000,0,OK
1180289,0.330000,5.088750,33.000,167.500,0,OK
1200278,0.337500,5.087500,33.250,170.000,0,OK
1220289,0.335000,5.088750,33.250,170.000,0,OK
1240278,0.335000,5.088750,33.500,170.000,0,OK
1260289,0.332500,5.083750,33.250,170.000,0,OK
1280278,0.330000,5.088750,33.000,167.500,0,OK
1300289,0.330000,5.088750,33.000,167.500,0,OK
1320278,0.332500,5.088750,33.250,170.000,0,OK
1340289,0.332500,5.088750,33.250,170.000,0,OK
1360278,0.347500,5.088750,33.000,167.500,0,OK
1380289,0.335000,5.090000,33.250,170.000,0,OK
1400278,0.330000,5.090000,33.250,167.500,0,OK
1420289,0.330000,5.087500,33.000,167.500,0,OK
1440278,0.335000,5.085000,33.500,170.000,0,OK
1460289,0.332500,5.088750,33.250,170.000,0,OK
1480278,0.332500,5.088750,33.250,170.000,0,OK
1500289,0.330000,5.087500,33.000,167.500,0,OK
1520278,0.332500,5.090000,33.250,170.000,0,OK
1540289,0.340000,5.088750,33.250,170.000,0,OK
1560278,0.332500,5.088750,33.000,167.500,0,OK
1580289,0.330000,5.088750,33.000,167.500,0,OK
1600278,0.332500,5.088750,33.250,167.500,0,OK
1620289,0.332500,5.086250,33.250,170.000,0,OK
1640278,0.335000,5.088750,33.500,170.000,0,OK
1660289,0.332500,5.090000,33.250,170.000,0,OK
1680278,0.332500,5.088750,33.250,170.000,0,OK
1700289,0.332500,5.088750,33.250,170.000,0,OK
1720278,0.335000,5.088750,33.250,170.000,0,OK
1740289,0.335000,5.088750,33.000,167.500,0,OK
1760278,0.330000,5.090000,33.000,167.500,0,OK
1780289,0.332500,5.082500,33.250,170.000,0,OK
1800278,0.332500,5.086250,33.250,170.000,0,OK
1820289,0.332500,5.087500,33.250,170.000,0,OK
1840278,0.330000,5.088750,33.000,167.500,0,OK
1860289,0.327500,5.087500,32.750,166.250,0,OK
1880278,0.352500,5.090000,33.000,167.500,0,OK
1900289,0.335000,5.088750,33.250,170.000,0,OK
1920278,0.330000,5.088750,33.000,167.500,0,OK
1940289,0.332500,5.088750,33.250,167.500,0,OK
1960278,0.332500,5.085000,33.250,170.000,0,OK
1980289,0.330000,5.087500,33.000,167.500,0,OK
2000278,0.332500,5.087500,33.250,170.000,0,OK
2020289,0.335000,5.087500,33.500,170.000,0,OK
2040278,0.332500,5.088750,33.250,170.000,0,OK
2060289,0.340000,5.088750,33.250,170.000,0,OK
2080278,0.332500,5.088750,33.000,167.500,0,OK
2100289,0.332500,5.088750,33.250,167.500,0,OK
2120278,0.332500,5.088750,33.250,167.500,0,OK
2140289,0.332500,5.086250,33.250,170.000,0,OK
2160278,0.332500,5.088750,33.250,170.000,0,OK
2180289,0.330000,5.091250,33.000,167.500,0,OK
2200278,0.330000,5.088750,33.000,167.500,0,OK
2220289,0.332500,5.088750,33.250,170.000,0,OK
2240278,0.337500,5.088750,33.250,170.000,0,OK
2260289,0.337500,5.090000,33.250,170.000,0,OK
2280278,0.330000,5.090000,33.000,167.500,0,OK
2300289,0.332500,5.082500,33.250,170.000,0,OK
2320278,0.332500,5.086250,33.250,170.000,0,OK
2340289,0.332500,5.088750,33.250,170.000,0,OK
2360278,0.335000,5.090000,33.500,170.000,0,OK
2380289,0.332500,5.088750,33.250,170.000,0,OK
2400278,0.330000,5.088750,33.000,167.500,0,OK
2420289,0.335000,5.088750,33.250,170.000,0,OK
2440278,0.332500,5.088750,33.250,170.000,0,OK
2460289,0.330000,5.088750,33.250,167.500,0,OK
2480278,0.330000,5.083750,33.000,167.500,0,OK
2500289,0.332500,5.088750,33.250,170.000,0,OK
2520278,0.335000,5.088750,33.500,170.000,0,OK
2540289,0.330000,5.090000,33.000,167.500,0,OK
2560278,0.332500,5.090000,33.250,170.000,0,OK
2580289,0.345000,5.090000,33.000,167.500,0,OK
2600278,0.335000,5.088750,33.000,167.500,0,OK
2620289,0.332500,5.087500,33.500,167.500,0,OK
2640278,0.332500,5.090000,33.250,167.500,0,OK
2660289,0.327500,5.086250,32.750,166.250,0,OK
2680278,0.332500,5.088750,33.250,170.000,0,OK
2700289,0.332500,5.088750,33.250,170.000,0,OK
2720278,0.332500,5.087500,33.250,170.000,0,OK
2740289,0.332500,5.088750,33.250,170.000,0,OK
2760278,0.342500,5.088750,33.250,170.000,0,OK
2780289,0.330000,5.088750,33.250,170.000,0,OK
2800278,0.332500,5.090000,33.000,167.500,0,OK
2820289,0.332500,5.088750,33.250,167.500,0,OK
2840278,0.332500,5.086250,33.250,170.000,0,OK
2860289,0.332500,5.088750,33.250,170.000,0,OK
2880278,0.332500,5.088750,33.250,170.000,0,OK
2900289,0.332500,5.087500,33.250,170.000,0,OK
2920278,0.332500,5.090000,33.250,170.000,0,OK
2940289,0.335000,5.088750,33.250,170.000,0,OK
2960278,0.332500,5.088750,33.000,167.500,0,OK
2980289,0.332500,5.088750,33.000,167.500,0,OK
3000278,0.332500,5.082500,33.250,170.000,0,OK
3020289,0.332500,5.088750,33.250,170.000,0,OK
3040278,0.332500,5.088750,33.250,170.000,0,OK
3060289,0.330000,5.090000,33.000,167.500,0,OK
3080278,0.335000,5.088750,33.500,170.000,0,OK
3100289,0.352500,5.088750,33.250,170.000,0,OK
3120278,0.337500,5.088750,33.000,167.500,0,OK
3140289,0.335000,5.088750,33.250,170.000,0,OK
3160278,0.337500,5.090000,33.750,172.500,0,OK
3180289,0.332500,5.083750,33.250,170.000,0,OK
3200278,0.332500,5.088750,33.250,170.000,0,OK
3220289,0.335000,5.088750,33.500,170.000,0,OK
3240278,0.330000,5.091250,33.000,167.500,0,OK
3260289,0.330000,5.088750,33.000,167.500,0,OK
3280278,0.342500,5.090000,33.250,170.000,0,OK
3300289,0.332500,5.088750,33.250,170.000,0,OK
3320278,0.330000,5.090000,33.000,167.500,0,OK
3340289,0.332500,5.088750,33.250,167.500,0,OK
3360278,0.332500,5.086250,33.250,170.000,0,OK
3380289,0.332500,5.090000,33.250,170.000,0,OK
3400278,0.335000,5.087500,33.500,170.000,0,OK
3420289,0.330000,5.088750,33.000,167.500,0,OK
3440278,0.330000,5.088750,33.000,167.500,0,OK
3460289,0.337500,5.090000,32.750,166.250,0,OK
3480278,0.332500,5.088750,33.250,170.000,0,OK
3500289,0.332500,5.088750,33.250,167.500,0,OK
3520278,0.335000,5.082500,33.500,170.000,0,OK
3540289,0.332500,5.087500,33.250,170.000,0,OK
3560278,0.332500,5.090000,33.250,170.000,0,OK
3580289,0.332500,5.090000,33.250,170.000,0,OK
3600278,0.332500,5.087500,33.250,170.000,0,OK
3620289,0.332500,5.087500,33.250,170.000,0,OK
3640278,0.335000,5.088750,33.250,170.000,0,OK
3660289,0.332500,5.090000,33.500,170.000,0,OK
3680278,0.332500,5.090000,33.250,167.500,0,OK
3700289,0.332500,5.082500,33.250,170.000,0,OK
3720278,0.332500,5.087500,33.250,170.000,0,OK
3740289,0.330000,5.088750,33.000,167.500,0,OK
3760278,0.332500,5.088750,33.250,170.000,0,OK
3780289,0.332500,5.088750,33.250,170.000,0,OK
3800278,0.347500,5.088750,33.250,170.000,0,OK
3820289,0.337500,5.088750,32.750,166.250,0,OK
3840278,0.330000,5.088750,33.250,167.500,0,OK
3860289,0.330000,5.088750,33.000,167.500,0,OK
3880278,0.335000,5.086250,33.500,170.000,0,OK
3900289,0.332500,5.087500,33.250,170.000,0,OK
3920278,0.330000,5.088750,33.000,167.500,0,OK
3940289,0.332500,5.090000,33.250,170.000,0,OK
3960278,0.335000,5.090000,33.500,170.000,0,OK
3980289,0.340000,5.087500,33.000,167.500,0,OK
4000278,0.332500,5.088750,33.250,170.000,0,OK
4020289,0.332500,5.087500,33.250,167.500,0,OK
4040278,0.332500,5.088750,33.250,167.500,0,OK
4060289,0.332500,5.086250,33.250,170.000,0,OK
4080278,0.332500,5.087500,33.250,170.000,0,OK
4100289,0.332500,5.087500,33.250,170.000,0,OK
4120278,0.330000,5.088750,33.000,167.500,0,OK
4140289,0.335000,5.088750,33.500,170.000,0,OK
4160278,0.337500,5.088750,32.750,166.250,0,OK
4180289,0.332500,5.090000,33.000,167.500,0,OK
4200278,0.332500,5.088750,33.250,167.500,0,OK
4220289,0.332500,5.083750,33.250,170.000,0,OK
4240278,0.330000,5.087500,33.000,167.500,0,OK
4260289,0.332500,5.088750,33.250,170.000,0,OK
4280278,0.330000,5.090000,33.000,167.500,0,OK
4300289,0.330000,5.088750,33.000,167.500,0,OK
4320278,0.352500,5.088750,33.250,170.000,0,OK
4340289,0.337500,5.088750,33.250,170.000,0,OK
4360278,0.332500,5.088750,33.250,170.000,0,OK
4380289,0.332500,5.090000,33.250,167.500,0,OK
4400278,0.335000,5.085000,33.500,170.000,0,OK
4420289,0.335000,5.087500,33.500,170.000,0,OK
4440278,0.332500,5.088750,33.250,170.000,0,OK
4460289,0.335000,5.090000,33.500,170.000,0,OK
4480278,0.335000,5.088750,33.500,170.000,0,OK
4500289,0.345000,5.088750,33.500,170.000,0,OK
4520278,0.335000,5.088750,33.000,167.500,0,OK
4540289,0.332500,5.090000,33.000,167.500,0,OK
4560278,0.332500,5.090000,33.250,167.500,0,OK
4580289,0.332500,5.086250,33.250,170.000,0,OK
4600278,0.332500,5.087500,33.250,170.000,0,OK
4620289,0.330000,5.091250,33.000,167.500,0,OK
4640278,0.332500,5.090000,33.250,170.000,0,OK
4660289,0.332500,5.090000,33.250,170.000,0,OK
4680278,0.342500,5.088750,33.500,170.000,0,OK
4700289,0.332500,5.088750,33.250,170.000,0,OK
4720278,0.332500,5.090000,33.000,167.500,0,OK
4740289,0.337500,5.082500,33.750,172.500,0,OK
4760278,0.332500,5.087500,33.250,170.000,0,OK
4780289,0.332500,5.088750,33.250,170.000,0,OK
4800278,0.330000,5.090000,33.000,167.500,0,OK
4820289,0.332500,5.087500,33.250,170.000,0,OK
4840278,0.332500,5.087500,33.250,170.000,0,OK
4860289,0.337500,5.088750,33.250,170.000,0,OK
4880278,0.332500,5.088750,33.250,170.000,0,OK
4900289,0.332500,5.088750,33.250,167.500,0,OK
4920278,0.332500,5.083750,33.250,170.000,0,OK
4940289,0.332500,5.087500,33.250,170.000,0,OK
4960278,0.332500,5.088750,33.250,170.000,0,OK
4980289,0.330000,5.087500,33.000,167.500,0,OK
5000278,0.330000,5.088750,33.000,167.500,0,OK
5020289,0.347500,5.087500,33.000,167.500,0,OK
5040278,0.337500,5.088750,33.500,170.000,0,OK
5060289,0.335000,5.088750,33.500,170.000,0,OK
5080278,0.332500,5.088750,33.250,167.500,0,OK
5100289,0.332500,5.083750,33.250,170.000,0,OK
5120278,0.332500,5.087500,33.250,170.000,0,OK
5140289,0.332500,5.090000,33.250,170.000,0,OK
5160278,0.332500,5.087500,33.250,170.000,0,OK
5180289,0.332500,5.087500,33.250,170.000,0,OK
5200278,0.340000,5.088750,33.500,170.000,0,OK
5220289,0.335000,5.090000,33.250,170.000,0,OK
5240278,0.332500,5.088750,33.000,167.500,0,OK
5260289,0.332500,5.088750,33.250,167.500,0,OK
5280278,0.332500,5.086250,33.250,170.000,0,OK
5300289,0.332500,5.088750,33.250,170.000,0,OK
5320278,0.335000,5.088750,33.500,170.000,0,OK
5340289,0.332500,5.088750,33.250,170.000,0,OK
5360278,0.330000,5.090000,33.000,167.500,0,OK
5380289,0.337500,5.088750,33.250,170.000,0,OK
5400278,0.332500,5.088750,33.250,170.000,0,OK
5420289,0.332500,5.088750,33.000,167.500,0,OK
5440278,0.332500,5.082500,33.250,170.000,0,OK
5460289,0.332500,5.087500,33.250,170.000,0,OK
5480278,0.330000,5.088750,33.000,167.500,0,OK
5500289,0.332500,5.088750,33.250,170.000,0,OK
5520278,0.332500,5.087500,33.250,170.000,0,OK
5540289,0.352500,5.088750,33.250,170.000,0,OK
5560278,0.340000,5.088750,33.250,170.000,0,OK
5580289,0.330000,5.088750,33.250,170.000,0,OK
5600278,0.330000,5.088750,33.000,167.500,0,OK
5620289,0.332500,5.083750,33.250,170.000,0,OK
5640278,0.335000,5.088750,33.500,170.000,0,OK
5660289,0.332500,5.088750,33.250,170.000,0,OK
5680278,0.327500,5.090000,32.750,166.250,0,OK
5700289,0.330000,5.088750,33.000,167.500,0,OK
5720278,0.347500,5.088750,33.000,167.500,0,OK
5740289,0.335000,5.088750,33.000,167.500,0,OK
5760278,0.330000,5.088750,33.250,167.500,0,OK
5780289,0.335000,5.088750,33.500,170.000,0,OK
5800278,0.332500,5.085000,33.250,170.000,0,OK
5820289,0.335000,5.088750,33.500,170.000,0,OK
5840278,0.330000,5.088750,33.000,167.500,0,OK
5860289,0.332500,5.088750,33.250,170.000,0,OK
5880278,0.330000,5.088750,33.000,167.500,0,OK
5900289,0.337500,5.087500,33.250,170.000,0,OK
5920278,0.335000,5.088750,33.250,170.000,0,OK
5940289,0.330000,5.088750,33.000,167.500,0,OK
5960278,0.332500,5.082500,33.250,170.000,0,OK
5980289,0.330000,5.087500,33.000,167.500,0,OK
6000278,0.332500,5.087500,33.250,170.000,0,OK
6020289,0.335000,5.087500,33.500,170.000,0,OK
6040278,0.330000,5.088750,33.000,167.500,0,OK
6060289,0.330000,5.090000,33.000,167.500,0,OK
6080278,0.337500,5.088750,33.250,170.000,0,OK
6100289,0.332500,5.088750,33.250,170.000,0,OK
6120278,0.332500,5.088750,33.000,167.500,0,OK
6140289,0.330000,5.085000,33.000,167.500,0,OK
6160278,0.332500,5.087500,33.250,170.000,0,OK
6180289,0.335000,5.088750,33.500,170.000,0,OK
6200278,0.330000,5.088750,33.000,167.500,0,OK
6220289,0.332500,5.088750,33.250,170.000,0,OK
6240278,0.350000,5.088750,33.250,170.000,0,OK
6260289,0.337500,5.090000,33.250,170.000,0,OK
6280278,0.332500,5.088750,33.250,167.500,0,OK
6300289,0.332500,5.088750,33.250,167.500,0,OK
6320278,0.332500,5.085000,33.250,170.000,0,OK
6340289,0.332500,5.087500,33.250,170.000,0,OK
6360278,0.332500,5.088750,33.250,170.000,0,OK
6380289,0.332500,5.090000,33.250,170.000,0,OK
6400278,0.332500,5.088750,33.250,170.000,0,OK
6420289,0.342500,5.088750,33.000,167.500,0,OK
6440278,0.335000,5.088750,33.500,170.000,0,OK
6460289,0.332500,5.088750,33.250,167.500,0,OK
6480278,0.332500,5.090000,33.250,167.500,0,OK
6500289,0.330000,5.086250,33.000,167.500,0,OK
6520278,0.332500,5.087500,33.250,170.000,0,OK
6540289,0.332500,5.090000,33.250,170.000,0,OK
6560278,0.330000,5.090000,33.000,167.500,0,OK
6580289,0.327500,5.088750,32.750,166.250,0,OK
6600278,0.335000,5.087500,33.000,167.500,0,OK
6620289,0.332500,5.087500,33.000,167.500,0,OK
6640278,0.330000,5.090000,33.000,167.500,0,OK
6660289,0.332500,5.083750,33.250,170.000,0,OK
6680278,0.332500,5.087500,33.250,170.000,0,OK
6700289,0.332500,5.087500,33.250,170.000,0,OK
6720278,0.332500,5.088750,33.250,170.000,0,OK
6740289,0.327500,5.087500,32.750,166.250,0,OK
6760278,0.352500,5.088750,33.250,170.000,0,OK
6780289,0.337500,5.088750,33.250,170.000,0,OK
6800278,0.335000,5.088750,33.250,170.000,0,OK
6820289,0.332500,5.087500,33.250,167.500,0,OK
6840278,0.332500,5.083750,33.250,170.000,0,OK
6860289,0.335000,5.087500,33.500,170.000,0,OK
6880278,0.332500,5.090000,33.250,170.000,0,OK
6900289,0.332500,5.088750,33.250,170.000,0,OK
6920278,0.332500,5.087500,33.250,170.000,0,OK
6940289,0.347500,5.088750,33.250,170.000,0,OK
6960278,0.335000,5.088750,33.250,170.000,0,OK
6980289,0.332500,5.090000,33.250,167.500,0,OK
7000278,0.332500,5.090000,33.250,167.500,0,OK
7020289,0.332500,5.085000,33.250,170.000,0,OK
7040278,0.332500,5.088750,33.250,170.000,0,OK
7060289,0.332500,5.088750,33.250,170.000,0,OK
7080278,0.332500,5.088750,33.250,170.000,0,OK
7100289,0.332500,5.090000,33.250,170.000,0,OK
7120278,0.340000,5.090000,33.250,170.000,0,OK
7140289,0.332500,5.088750,33.000,167.500,0,OK
7160278,0.332500,5.088750,33.250,167.500,0,OK
7180289,0.332500,5.083750,33.250,170.000,0,OK
7200278,0.332500,5.086250,33.250,170.000,0,OK
7220289,0.332500,5.087500,33.250,170.000,0,OK
7240278,0.335000,5.088750,33.500,170.000,0,OK
7260289,0.332500,5.088750,33.250,170.000,0,OK
7280278,0.327500,5.088750,32.750,166.250,0,OK
7300289,0.337500,5.087500,33.250,170.000,0,OK
7320278,0.332500,5.088750,33.250,170.000,0,OK
7340289,0.332500,5.088750,33.000,167.500,0,OK
7360278,0.335000,5.082500,33.500,170.000,0,OK
7380289,0.332500,5.088750,33.250,170.000,0,OK
7400278,0.332500,5.088750,33.250,170.000,0,OK
7420289,0.330000,5.088750,33.000,167.500,0,OK
7440278,0.330000,5.090000,33.000,167.500,0,OK
7460289,0.352500,5.088750,33.000,167.500,0,OK
7480278,0.337500,5.088750,33.250,170.000,0,OK
7500289,0.332500,5.088750,33.250,167.500,0,OK
7520278,0.332500,5.088750,33.250,167.500,0,OK
7540289,0.332500,5.085000,33.250,170.000,0,OK
7560278,0.335000,5.090000,33.500,170.000,0,OK
7580289,0.332500,5.088750,33.250,170.000,0,OK
7600278,0.330000,5.090000,33.000,167.500,0,OK
7620289,0.332500,5.087500,33.250,170.000,0,OK
7640278,0.342500,5.090000,33.250,170.000,0,OK
7660289,0.332500,5.090000,33.000,167.500,0,OK
7680278,0.332500,5.088750,33.250,167.500,0,OK
7700289,0.335000,5.088750,33.500,170.000,0,OK
7720278,0.332500,5.086250,33.250,170.000,0,OK
7740289,0.332500,5.088750,33.250,170.000,0,OK
7760278,0.335000,5.088750,33.500,170.000,0,OK
7780289,0.332500,5.088750,33.250,170.000,0,OK
7800278,0.330000,5.087500,33.000,167.500,0,OK
7820289,0.337500,5.087500,33.000,167.500,0,OK
7840278,0.332500,5.088750,33.000,167.500,0,OK
7860289,0.332500,5.090000,33.250,167.500,0,OK
7880278,0.335000,5.081250,33.500,170.000,0,OK
7900289,0.332500,5.087500,33.250,170.000,0,OK
7920278,0.332500,5.090000,33.250,170.000,0,OK
7940289,0.330000,5.090000,33.000,167.500,0,OK
7960278,0.332500,5.088750,33.250,170.000,0,OK
7980289,0.335000,5.090000,33.500,170.000,0,OK
8000278,0.340000,5.087500,33.000,167.500,0,OK
8020289,0.335000,5.088750,32.750,166.250,0,OK
8040278,0.327500,5.088750,33.250,166.250,0,OK
8060289,0.332500,5.082500,33.250,170.000,0,OK
8080278,0.335000,5.088750,33.500,170.000,0,OK
8100289,0.332500,5.088750,33.250,170.000,0,OK
8120278,0.332500,5.088750,33.250,170.000,0,OK
8140289,0.332500,5.088750,33.250,170.000,0,OK
8160278,0.345000,5.088750,33.250,170.000,0,OK
8180289,0.337500,5.088750,33.000,167.500,0,OK
8200278,0.332500,5.088750,33.250,167.500,0,OK
8220289,0.335000,5.088750,33.500,170.000,0,OK
8240278,0.335000,5.085000,33.500,170.000,0,OK
8260289,0.332500,5.090000,33.250,170.000,0,OK
8280278,0.332500,5.090000,33.250,170.000,0,OK
8300289,0.330000,5.087500,33.000,167.500,0,OK
8320278,0.335000,5.090000,33.500,170.000,0,OK
8340289,0.340000,5.088750,33.000,167.500,0,OK
8360278,0.330000,5.088750,33.250,170.000,0,OK
8380289,0.332500,5.088750,33.000,167.500,0,OK
8400278,0.332500,5.081250,33.250,167.500,0,OK
8420289,0.332500,5.086250,33.250,170.000,0,OK
8440278,0.330000,5.088750,33.000,167.500,0,OK
8460289,0.330000,5.088750,33.000,167.500,0,OK
8480278,0.332500,5.090000,33.250,170.000,0,OK
8500289,0.335000,5.088750,33.500,170.000,0,OK
8520278,0.335000,5.088750,32.750,166.250,0,OK
8540289,0.330000,5.090000,33.250,170.000,0,OK
8560278,0.332500,5.087500,33.000,167.500,0,OK
8580289,0.335000,5.083750,33.500,170.000,0,OK
8600278,0.332500,5.087500,33.250,170.000,0,OK
8620289,0.332500,5.088750,33.250,170.000,0,OK
8640278,0.332500,5.088750,33.250,170.000,0,OK
8660289,0.327500,5.088750,32.750,166.250,0,OK
8680278,0.347500,5.088750,33.250,170.000,0,OK
8700289,0.340000,5.088750,33.250,170.000,0,OK
8720278,0.330000,5.088750,33.000,167.500,0,OK
8740289,0.330000,5.088750,33.000,167.500,0,OK
8760278,0.335000,5.085000,33.500,170.000,0,OK
8780289,0.332500,5.088750,33.250,170.000,0,OK
8800278,0.330000,5.088750,33.000,167.500,0,OK
8820289,0.332500,5.088750,33.250,170.000,0,OK
8840278,0.332500,5.090000,33.250,170.000,0,OK
8860289,0.342500,5.088750,33.000,167.500,0,OK
8880278,0.332500,5.088750,33.250,170.000,0,OK
8900289,0.330000,5.087500,33.000,167.500,0,OK
8920278,0.332500,5.087500,33.250,167.500,0,OK
8940289,0.332500,5.086250,33.250,170.000,0,OK
8960278,0.332500,5.088750,33.250,170.000,0,OK
8980289,0.332500,5.090000,33.250,170.000,0,OK
9000278,0.330000,5.088750,33.000,167.500,0,OK
9020289,0.332500,5.088750,33.250,170.000,0,OK
9040278,0.335000,5.088750,33.250,170.000,0,OK
9060289,0.332500,5.088750,33.000,167.500,0,OK
9080278,0.332500,5.088750,33.250,167.500,0,OK
9100289,0.330000,5.081250,33.000,167.500,0,OK
9120278,0.332500,5.087500,33.250,170.000,0,OK
9140289,0.332500,5.088750,33.250,170.000,0,OK
9160278,0.332500,5.087500,33.250,170.000,0,OK
9180289,0.330000,5.088750,33.000,167.500,0,OK
9200278,0.335000,5.088750,33.500,170.000,0,OK
9220289,0.335000,5.088750,33.000,167.500,0,OK
9240278,0.330000,5.088750,33.250,170.000,0,OK
9260289,0.330000,5.088750,33.250,167.500,0,OK
9280278,0.332500,5.083750,33.250,170.000,0,OK
9300289,0.327500,5.088750,32.750,166.250,0,OK
9320278,0.330000,5.088750,33.000,167.500,0,OK
9340289,0.335000,5.090000,33.500,170.000,0,OK
9360278,0.330000,5.087500,33.000,167.500,0,OK
9380289,0.342500,5.090000,33.250,170.000,0,OK
9400278,0.337500,5.088750,33.250,170.000,0,OK
9420289,0.335000,5.087500,33.000,170.000,0,OK
9440278,0.332500,5.088750,33.250,167.500,0,OK
9460289,0.332500,5.085000,33.250,170.000,0,OK
9480278,0.332500,5.088750,33.250,170.000,0,OK
9500289,0.332500,5.088750,33.250,170.000,0,OK
9520278,0.332500,5.088750,33.250,170.000,0,OK
9540289,0.332500,5.088750,33.250,170.000,0,OK
9560278,0.340000,5.088750,33.250,170.000,0,OK
9580289,0.332500,5.088750,33.000,167.500,0,OK
9600278,0.330000,5.088750,33.000,167.500,0,OK
9620289,0.332500,5.088750,33.250,170.000,0,OK
9640278,0.332500,5.086250,33.250,170.000,0,OK
9660289,0.335000,5.088750,33.500,170.000,0,OK
9680278,0.332500,5.088750,33.250,170.000,0,OK
9700289,0.327500,5.088750,32.750,166.250,0,OK
9720278,0.332500,5.087500,33.250,170.000,0,OK
9740289,0.337500,5.088750,33.250,170.000,0,OK
9760278,0.332500,5.088750,33.500,170.000,0,OK
9780289,0.330000,5.088750,33.250,167.500,0,OK
9800278,0.330000,5.082500,33.000,167.500,0,OK
9820289,0.332500,5.088750,33.250,170.000,0,OK
9840278,0.332500,5.088750,33.250,170.000,0,OK
9860289,0.332500,5.088750,33.250,170.000,0,OK
9880278,0.332500,5.088750,33.250,170.000,0,OK
9900289,0.350000,5.088750,33.250,170.000,0,OK
9920278,0.337500,5.090000,33.000,167.500,0,OK
9940289,0.332500,5.088750,33.250,170.000,0,OK
9960278,0.332500,5.088750,33.250,167.500,0,OK
9980289,0.332500,5.085000,33.250,170.000,0,OK
10000282,0.335000,5.085000,33.500,170.000,1,OK
10020293,0.437500,5.072500,43.750,221.250,1,OK
10040283,0.437500,5.072500,43.750,221.250,1,OK
10060293,0.437500,5.072500,43.750,221.250,1,OK
10080282,0.445000,5.071250,43.750,221.250,1,OK
10100293,0.437500,5.071250,43.750,221.250,1,OK
10120283,0.435000,5.073750,43.750,221.250,1,OK
10140293,0.435000,5.072500,43.500,221.250,1,OK
10160282,0.435000,5.071250,43.500,221.250,1,OK
10180293,0.435000,5.072500,43.500,221.250,1,OK
10200283,0.435000,5.073750,43.500,221.250,1,OK
10220293,0.437500,5.073750,43.750,221.250,1,OK
10240282,0.437500,5.072500,43.750,221.250,1,OK
10260293,0.437500,5.072500,43.500,221.250,1,OK
10280283,0.440000,5.072500,43.500,221.250,1,OK
10300294,0.437500,5.072500,44.000,221.250,1,OK
10320282,0.437500,5.067500,43.750,221.250,1,OK
10340293,0.435000,5.072500,43.500,221.250,1,OK
10360283,0.437500,5.072500,43.750,221.250,1,OK
10380293,0.437500,5.072500,43.750,221.250,1,OK
10400283,0.437500,5.072500,43.750,221.250,1,OK
10420293,0.455000,5.072500,43.750,221.250,1,OK
10440282,0.437500,5.072500,43.750,221.250,1,OK
10460293,0.437500,5.073750,43.250,221.250,1,OK
10480282,0.437500,5.072500,43.750,221.250,1,OK
10500295,0.435000,5.067500,43.500,221.250,1,OK
10520283,0.437500,5.073750,43.750,221.250,1,OK
10540293,0.437500,5.073750,43.750,221.250,1,OK
10560282,0.440000,5.072500,44.000,223.750,1,OK
10580293,0.437500,5.073750,43.750,221.250,1,OK
10600282,0.370000,5.087500,33.250,170.000,1,OK
10620293,0.435000,5.072500,43.500,221.250,1,OK
10640282,0.437500,5.072500,43.750,221.250,1,OK
10660293,0.435000,5.073750,43.500,221.250,1,OK
10680282,0.437500,5.068750,43.750,221.250,1,OK
10700293,0.440000,5.072500,44.000,223.750,1,OK
10720283,0.437500,5.072500,43.750,221.250,1,OK
10740293,0.435000,5.071250,43.500,221.250,1,OK
10760282,0.437500,5.073750,43.750,221.250,1,OK
10780293,0.440000,5.071250,43.750,221.250,1,OK
10800282,0.437500,5.071250,44.000,223.750,1,OK
10820293,0.437500,5.072500,43.500,221.250,1,OK
10840282,0.435000,5.065000,43.500,221.250,1,OK
10860293,0.437500,5.070000,43.750,221.250,1,OK
10880283,0.435000,5.072500,43.500,221.250,1,OK
10900293,0.435000,5.072500,43.500,221.250,1,OK
10920282,0.440000,5.072500,44.000,223.750,1,OK
10940293,0.440000,5.071250,44.000,223.750,1,OK
10960283,0.440000,5.072500,43.750,221.250,1,OK
10980293,0.437500,5.073750,43.750,221.250,1,OK
11000283,0.440000,5.073750,43.750,223.750,1,OK
11020293,0.437500,5.067500,43.750,221.250,1,OK
11040283,0.435000,5.072500,43.500,221.250,1,OK
11060292,0.437500,5.073750,43.750,221.250,1,OK
11080282,0.437500,5.073750,43.750,221.250,1,OK
11100294,0.440000,5.072500,44.000,223.750,1,OK
11120283,0.450000,5.072500,43.500,221.250,1,OK
11140293,0.440000,5.072500,43.750,221.250,1,OK
11160282,0.435000,5.073750,44.000,218.750,1,OK
11180293,0.435000,5.073750,43.500,221.250,1,OK
11200282,0.332500,5.078750,33.250,167.500,1,OK
11220293,0.440000,5.072500,44.000,223.750,1,OK
11240283,0.437500,5.071250,43.750,221.250,1,OK
11260293,0.437500,5.071250,43.750,221.250,1,OK
11280283,0.437500,5.072500,43.750,221.250,1,OK
11300295,0.442500,5.071250,43.500,221.250,1,OK
11320283,0.437500,5.072500,43.500,221.250,1,OK
11340293,0.437500,5.072500,43.500,221.250,1,OK
11360282,0.437500,5.072500,43.750,221.250,1,OK
11380293,0.440000,5.070000,44.000,223.750,1,OK
11400283,0.435000,5.072500,43.500,221.250,1,OK
11420292,0.437500,5.072500,43.750,221.250,1,OK
11440282,0.435000,5.073750,43.500,221.250,1,OK
11460293,0.437500,5.073750,43.750,221.250,1,OK
11480283,0.440000,5.073750,43.500,221.250,1,OK
11500295,0.435000,5.071250,43.750,221.250,1,OK
11520282,0.435000,5.072500,43.500,221.250,1,OK
11540293,0.437500,5.067500,43.750,221.250,1,OK
11560283,0.437500,5.071250,43.750,221.250,1,OK
11580293,0.435000,5.073750,43.500,221.250,1,OK
11600283,0.435000,5.071250,43.500,221.250,1,OK
11620294,0.440000,5.073750,44.000,223.750,1,OK
11640282,0.437500,5.073750,43.750,221.250,1,OK
11660293,0.437500,5.073750,43.500,221.250,1,OK
11680282,0.437500,5.072500,43.750,221.250,1,OK
11700295,0.437500,5.073750,43.750,221.250,1,OK
11720283,0.437500,5.068750,43.750,221.250,1,OK
11740293,0.435000,5.072500,43.500,221.250,1,OK
11760282,0.437500,5.073750,43.750,221.250,1,OK
11780293,0.437500,5.072500,43.750,221.250,1,OK
11800282,0.332500,5.087500,33.250,170.000,1,OK
11820293,0.445000,5.073750,43.500,221.250,1,OK
11840282,0.437500,5.072500,43.750,221.250,1,OK
11860293,0.437500,5.072500,43.750,221.250,1,OK
11880282,0.440000,5.072500,44.000,223.750,1,OK
11900294,0.437500,5.067500,43.750,221.250,1,OK
11920283,0.435000,5.072500,43.500,221.250,1,OK
11940293,0.440000,5.072500,44.000,223.750,1,OK
11960283,0.437500,5.071250,43.750,221.250,1,OK
11980293,0.437500,5.072500,43.750,221.250,1,OK
12000283,0.442500,5.072500,43.500,221.250,1,OK
12020293,0.435000,5.071250,43.750,221.250,1,OK
12040282,0.437500,5.072500,43.750,221.250,1,OK
12060293,0.437500,5.066250,43.750,221.250,1,OK
12080283,0.437500,5.071250,43.750,221.250,1,OK
12100295,0.440000,5.072500,44.000,223.750,1,OK
12120282,0.437500,5.072500,43.750,221.250,1,OK
12140293,0.437500,5.071250,43.750,221.250,1,OK
12160283,0.435000,5.072500,43.500,221.250,1,OK
12180292,0.437500,5.073750,43.750,221.250,1,OK
12200283,0.440000,5.072500,43.750,221.250,1,OK
12220293,0.440000,5.072500,43.500,223.750,1,OK
12240283,0.437500,5.066250,43.750,221.250,1,OK
12260293,0.437500,5.072500,43.750,221.250,1,OK
12280282,0.437500,5.073750,43.750,221.250,1,OK
12300294,0.440000,5.071250,44.000,223.750,1,OK
12320283,0.437500,5.072500,43.750,221.250,1,OK
12340293,0.450000,5.073750,43.750,221.250,1,OK
12360282,0.440000,5.072500,43.500,221.250,1,OK
12380293,0.437500,5.072500,43.750,221.250,1,OK
12400282,0.332500,5.088750,33.250,167.500,1,OK
12420293,0.437500,5.068750,43.750,221.250,1,OK
12440283,0.440000,5.072500,44.000,223.750,1,OK
12460293,0.440000,5.072500,44.000,223.750,1,OK
12480283,0.435000,5.072500,43.500,221.250,1,OK
12500294,0.435000,5.072500,43.500,221.250,1,OK
12520283,0.445000,5.072500,43.750,221.250,1,OK
12540293,0.437500,5.072500,43.750,221.250,1,OK
12560282,0.437500,5.073750,43.250,221.250,1,OK
12580293,0.437500,5.073750,43.750,221.250,1,OK
12600283,0.437500,5.070000,43.750,221.250,1,OK
12620293,0.437500,5.071250,43.750,221.250,1,OK
12640283,0.437500,5.072500,43.750,221.250,1,OK
12660293,0.440000,5.071250,44.000,223.750,1,OK
12680283,0.437500,5.072500,43.750,221.250,1,OK
12700295,0.437500,5.070000,43.500,221.250,1,OK
12720283,0.440000,5.071250,43.750,221.250,1,OK
12740293,0.435000,5.073750,43.500,221.250,1,OK
12760283,0.437500,5.067500,43.750,221.250,1,OK
12780293,0.432500,5.071250,43.250,218.750,1,OK
12800283,0.440000,5.073750,44.000,223.750,1,OK
12820293,0.435000,5.072500,43.500,221.250,1,OK
12840283,0.437500,5.072500,43.750,221.250,1,OK
12860293,0.435000,5.072500,43.500,221.250,1,OK
12880282,0.437500,5.073750,43.500,221.250,1,OK
12900294,0.437500,5.072500,43.500,221.250,1,OK
12920283,0.437500,5.071250,43.750,221.250,1,OK
12940293,0.437500,5.068750,43.750,221.250,1,OK
12960283,0.432500,5.072500,43.250,218.750,1,OK
12980293,0.435000,5.072500,43.500,221.250,1,OK
13000282,0.332500,5.090000,33.250,170.000,1,OK
13020293,0.432500,5.071250,43.250,218.750,1,OK
13040283,0.447500,5.072500,43.750,221.250,1,OK
13060294,0.440000,5.073750,43.750,221.250,1,OK
13080282,0.440000,5.072500,43.500,223.750,1,OK
13100294,0.437500,5.072500,43.750,221.250,1,OK
13120282,0.437500,5.070000,43.750,221.250,1,OK
13140293,0.437500,5.073750,43.750,221.250,1,OK
13160282,0.437500,5.072500,43.750,221.250,1,OK
13180293,0.435000,5.073750,43.500,221.250,1,OK
13200282,0.437500,5.072500,43.750,221.250,1,OK
13220293,0.437500,5.072500,43.750,221.250,1,OK
13240282,0.440000,5.072500,43.500,221.250,1,OK
13260293,0.440000,5.073750,43.750,223.750,1,OK
13280283,0.435000,5.072500,43.500,221.250,1,OK
13300293,0.435000,5.071250,43.500,221.250,1,OK
13320282,0.437500,5.072500,43.750,221.250,1,OK
13340293,0.435000,5.072500,43.500,221.250,1,OK
13360283,0.435000,5.072500,43.500,221.250,1,OK
13380292,0.437500,5.073750,43.750,221.250,1,OK
13400283,0.437500,5.073750,43.750,221.250,1,OK
13420293,0.437500,5.072500,44.000,223.750,1,OK
13440282,0.437500,5.072500,43.500,221.250,1,OK
13460293,0.440000,5.066250,44.000,223.750,1,OK
13480282,0.437500,5.071250,43.750,221.250,1,OK
13500293,0.440000,5.071250,44.000,223.750,1,OK
13520282,0.435000,5.072500,43.500,221.250,1,OK
13540293,0.437500,5.073750,43.750,221.250,1,OK
13560282,0.455000,5.072500,43.750,221.250,1,OK
13580293,0.437500,5.073750,43.500,221.250,1,OK
13600282,0.335000,5.087500,33.250,170.000,1,OK
13620293,0.437500,5.072500,43.750,221.250,1,OK
13640282,0.432500,5.068750,43.250,218.750,1,OK
13660293,0.435000,5.071250,43.500,221.250,1,OK
13680282,0.437500,5.072500,43.750,221.250,1,OK
13700295,0.437500,5.071250,43.750,221.250,1,OK
13720283,0.435000,5.071250,43.500,221.250,1,OK
13740293,0.445000,5.071250,43.750,221.250,1,OK
13760282,0.440000,5.072500,43.500,221.250,1,OK
13780293,0.435000,5.073750,43.750,218.750,1,OK
13800283,0.437500,5.071250,43.750,221.250,1,OK
13820293,0.435000,5.070000,43.500,221.250,1,OK
13840283,0.435000,5.072500,43.500,221.250,1,OK
13860293,0.437500,5.072500,43.750,221.250,1,OK
13880283,0.440000,5.073750,44.000,223.750,1,OK
13900295,0.437500,5.072500,43.750,221.250,1,OK
13920283,0.442500,5.071250,43.500,221.250,1,OK
13940293,0.437500,5.073750,43.500,221.250,1,OK
13960282,0.440000,5.073750,43.750,223.750,1,OK
13980293,0.442500,5.066250,44.250,223.750,1,OK
14000283,0.437500,5.071250,43.750,221.250,1,OK
14020293,0.435000,5.072500,43.500,221.250,1,OK
14040283,0.435000,5.072500,43.500,221.250,1,OK
14060292,0.435000,5.072500,43.500,221.250,1,OK
14080283,0.435000,5.073750,43.500,221.250,1,OK
14100295,0.437500,5.071250,43.750,221.250,1,OK
14120283,0.437500,5.072500,43.500,221.250,1,OK
14140293,0.435000,5.072500,43.500,221.250,1,OK
14160282,0.437500,5.068750,43.750,221.250,1,OK
14180294,0.440000,5.073750,44.000,223.750,1,OK
14200282,0.330000,5.088750,33.000,167.500,1,OK
14220293,0.437500,5.071250,43.750,221.250,1,OK
14240283,0.437500,5.072500,43.750,221.250,1,OK
14260293,0.447500,5.072500,43.750,221.250,1,OK
14280282,0.437500,5.072500,43.750,221.250,1,OK
14300295,0.440000,5.073750,43.750,223.750,1,OK
14320283,0.437500,5.072500,43.750,221.250,1,OK
14340293,0.440000,5.071250,44.000,223.750,1,OK
14360282,0.435000,5.072500,43.500,221.250,1,OK
14380293,0.437500,5.073750,43.750,221.250,1,OK
14400283,0.437500,5.072500,43.750,221.250,1,OK
14420293,0.437500,5.072500,43.750,221.250,1,OK
14440282,0.442500,5.071250,43.750,221.250,1,OK
14460293,0.437500,5.072500,43.500,221.250,1,OK
14480283,0.435000,5.072500,43.750,218.750,1,OK
14500295,0.437500,5.072500,43.750,221.250,1,OK
14520283,0.437500,5.070000,43.750,221.250,1,OK
14540293,0.437500,5.072500,43.750,221.250,1,OK
14560282,0.437500,5.073750,43.750,221.250,1,OK
14580293,0.435000,5.072500,43.500,221.250,1,OK
14600283,0.435000,5.071250,43.500,221.250,1,OK
14620294,0.437500,5.072500,43.750,221.250,1,OK
14640282,0.437500,5.072500,43.500,221.250,1,OK
14660293,0.437500,5.071250,43.500,221.250,1,OK
14680282,0.437500,5.066250,43.750,221.250,1,OK
14700293,0.437500,5.071250,43.750,221.250,1,OK
14720283,0.437500,5.071250,43.750,221.250,1,OK
14740293,0.435000,5.072500,43.500,221.250,1,OK
14760282,0.435000,5.073750,43.500,221.250,1,OK
14780293,0.452500,5.072500,43.750,221.250,1,OK
14800282,0.340000,5.088750,33.250,170.000,1,OK
14820293,0.437500,5.071250,43.500,221.250,1,OK
14840283,0.435000,5.072500,43.500,221.250,1,OK
14860293,0.435000,5.068750,43.500,221.250,1,OK
14880282,0.437500,5.072500,43.750,221.250,1,OK
14900295,0.435000,5.073750,43.500,221.250,1,OK
14920283,0.435000,5.073750,43.500,221.250,1,OK
14940294,0.437500,5.071250,43.750,221.250,1,OK
14960282,0.447500,5.073750,43.500,221.250,1,OK
14980293,0.437500,5.072500,43.500,221.250,1,OK
15000283,0.437500,5.072500,43.500,221.250,1,OK
15020293,0.437500,5.072500,43.750,221.250,1,OK
15040282,0.437500,5.068750,43.750,221.250,1,OK
15060294,0.437500,5.073750,43.750,221.250,1,OK
15080283,0.435000,5.073750,43.500,221.250,1,OK
15100295,0.437500,5.072500,43.750,221.250,1,OK
15120283,0.437500,5.072500,43.750,221.250,1,OK
15140293,0.440000,5.073750,43.750,221.250,1,OK
15160283,0.440000,5.072500,43.750,221.250,1,OK
15180293,0.437500,5.073750,43.750,221.250,1,OK
15200283,0.437500,5.066250,43.750,221.250,1,OK
15220293,0.437500,5.070000,43.750,221.250,1,OK
15240283,0.440000,5.073750,44.000,223.750,1,OK
15260293,0.437500,5.073750,43.750,221.250,1,OK
15280282,0.435000,5.073750,43.500,221.250,1,OK
15300295,0.435000,5.072500,43.500,221.250,1,OK
15320282,0.432500,5.072500,43.500,221.250,1,OK
15340293,0.440000,5.073750,43.750,221.250,1,OK
15360282,0.437500,5.072500,43.750,221.250,1,OK
15380293,0.435000,5.067500,43.500,221.250,1,OK
15400282,0.335000,5.086250,33.500,170.000,1,OK
15420293,0.437500,5.073750,43.750,221.250,1,OK
15440283,0.440000,5.073750,44.000,223.750,1,OK
15460293,0.437500,5.073750,43.750,221.250,1,OK
15480282,0.447500,5.073750,44.000,223.750,1,OK
15500295,0.435000,5.072500,43.500,221.250,1,OK
15520282,0.437500,5.072500,43.750,221.250,1,OK
15540293,0.437500,5.072500,43.750,221.250,1,OK
15560282,0.440000,5.068750,44.000,223.750,1,OK
15580293,0.437500,5.073750,43.750,221.250,1,OK
15600282,0.435000,5.072500,43.500,221.250,1,OK
15620293,0.437500,5.071250,43.750,221.250,1,OK
15640283,0.437500,5.073750,43.750,221.250,1,OK
15660293,0.442500,5.073750,43.750,221.250,1,OK
15680283,0.437500,5.072500,44.000,223.750,1,OK
15700293,0.437500,5.071250,43.250,221.250,1,OK
15720283,0.435000,5.072500,43.500,221.250,1,OK
15740293,0.435000,5.070000,43.500,221.250,1,OK
15760283,0.437500,5.072500,43.750,221.250,1,OK
15780293,0.437500,5.072500,43.750,221.250,1,OK
15800283,0.437500,5.071250,43.750,221.250,1,OK
15820293,0.437500,5.072500,43.750,221.250,1,OK
15840282,0.437500,5.072500,43.750,221.250,1,OK
15860293,0.435000,5.072500,43.250,218.750,1,OK
15880282,0.437500,5.073750,43.750,221.250,1,OK
15900294,0.437500,5.066250,43.750,221.250,1,OK
15920283,0.435000,5.071250,43.500,221.250,1,OK
15940293,0.440000,5.072500,44.000,223.750,1,OK
15960282,0.440000,5.072500,44.000,223.750,1,OK
15980293,0.437500,5.072500,43.750,221.250,1,OK
16000282,0.387500,5.088750,33.000,167.500,1,OK
16020293,0.437500,5.073750,43.750,221.250,1,OK
16040283,0.435000,5.072500,43.750,221.250,1,OK
16060293,0.437500,5.072500,43.750,221.250,1,OK
16080282,0.437500,5.068750,43.750,221.250,1,OK
16100293,0.435000,5.071250,43.500,221.250,1,OK
16120283,0.435000,5.072500,43.500,221.250,1,OK
16140293,0.437500,5.072500,43.750,221.250,1,OK
16160282,0.437500,5.073750,43.750,221.250,1,OK
16180293,0.445000,5.072500,43.750,221.250,1,OK
16200282,0.435000,5.072500,43.750,221.250,1,OK
16220293,0.437500,5.072500,43.500,221.250,1,OK
16240283,0.437500,5.072500,43.750,221.250,1,OK
16260293,0.437500,5.070000,43.750,221.250,1,OK
16280283,0.437500,5.072500,43.750,221.250,1,OK
16300295,0.437500,5.071250,43.750,221.250,1,OK
16320282,0.437500,5.072500,43.750,221.250,1,OK
16340293,0.437500,5.073750,43.750,221.250,1,OK
16360283,0.442500,5.072500,43.500,221.250,1,OK
16380293,0.440000,5.072500,43.500,221.250,1,OK
16400282,0.437500,5.072500,44.000,221.250,1,OK
16420294,0.437500,5.066250,43.750,221.250,1,OK
16440283,0.435000,5.071250,43.500,221.250,1,OK
16460293,0.435000,5.072500,43.500,221.250,1,OK
16480282,0.435000,5.073750,43.500,221.250,1,OK
16500295,0.432500,5.072500,43.250,218.750,1,OK
16520283,0.435000,5.073750,43.500,221.250,1,OK
16540293,0.435000,5.072500,44.000,223.750,1,OK
16560282,0.437500,5.072500,43.500,221.250,1,OK
16580293,0.437500,5.072500,43.750,221.250,1,OK
16600282,0.327500,5.076250,32.750,166.250,1,OK
16620293,0.435000,5.071250,43.500,221.250,1,OK
16640283,0.437500,5.072500,43.750,221.250,1,OK
16660293,0.437500,5.072500,43.750,221.250,1,OK
16680282,0.440000,5.072500,44.000,223.750,1,OK
16700294,0.450000,5.072500,44.000,223.750,1,OK
16720283,0.437500,5.072500,43.750,221.250,1,OK
16740293,0.440000,5.073750,43.750,223.750,1,OK
16760282,0.437500,5.073750,43.750,221.250,1,OK
16780293,0.437500,5.070000,43.750,221.250,1,OK
16800283,0.435000,5.072500,43.500,221.250,1,OK
16820293,0.437500,5.073750,43.750,221.250,1,OK
16840282,0.435000,5.071250,43.500,221.250,1,OK
16860293,0.437500,5.072500,43.750,221.250,1,OK
16880282,0.445000,5.072500,43.750,221.250,1,OK
16900295,0.437500,5.071250,43.750,221.250,1,OK
16920282,0.437500,5.072500,43.500,221.250,1,OK
16940293,0.435000,5.073750,43.500,221.250,1,OK
16960283,0.437500,5.070000,43.750,221.250,1,OK
16980293,0.437500,5.072500,43.750,221.250,1,OK
17000283,0.437500,5.071250,43.750,221.250,1,OK
17020293,0.437500,5.071250,43.750,221.250,1,OK
17040283,0.437500,5.073750,43.750,221.250,1,OK
17060293,0.440000,5.073750,43.750,221.250,1,OK
17080282,0.437500,5.071250,43.500,221.250,1,OK
17100294,0.440000,5.072500,43.750,223.750,1,OK
17120283,0.437500,5.066250,43.750,221.250,1,OK
17140294,0.435000,5.072500,43.500,221.250,1,OK
17160282,0.435000,5.072500,43.500,221.250,1,OK
17180293,0.437500,5.072500,43.750,221.250,1,OK
17200282,0.332500,5.088750,33.250,170.000,1,OK
17220293,0.437500,5.070000,43.750,221.250,1,OK
17240283,0.437500,5.071250,43.500,221.250,1,OK
17260293,0.437500,5.073750,43.500,221.250,1,OK
17280282,0.437500,5.073750,43.750,221.250,1,OK
17300294,0.437500,5.068750,43.750,221.250,1,OK
17320283,0.440000,5.072500,44.000,223.750,1,OK
17340293,0.437500,5.072500,43.750,221.250,1,OK
17360282,0.435000,5.071250,43.500,221.250,1,OK
17380293,0.437500,5.072500,43.750,221.250,1,OK
17400283,0.450000,5.073750,43.500,221.250,1,OK
17420293,0.437500,5.072500,43.750,221.250,1,OK
17440282,0.437500,5.072500,43.250,221.250,1,OK
17460293,0.440000,5.073750,44.000,223.750,1,OK
17480283,0.437500,5.068750,43.750,221.250,1,OK
17500295,0.440000,5.072500,44.000,223.750,1,OK
17520282,0.440000,5.073750,44.000,223.750,1,OK
17540293,0.435000,5.072500,43.500,221.250,1,OK
17560283,0.437500,5.072500,43.750,221.250,1,OK
17580293,0.440000,5.072500,43.750,221.250,1,OK
17600283,0.437500,5.072500,43.500,221.250,1,OK
17620293,0.440000,5.071250,43.500,223.750,1,OK
17640283,0.437500,5.066250,43.750,221.250,1,OK
17660294,0.437500,5.071250,43.750,221.250,1,OK
17680282,0.440000,5.071250,44.000,223.750,1,OK
17700294,0.435000,5.072500,43.500,221.250,1,OK
17720283,0.437500,5.073750,43.750,221.250,1,OK
17740293,0.437500,5.072500,43.750,221.250,1,OK
17760282,0.435000,5.073750,43.750,221.250,1,OK
17780293,0.437500,5.072500,43.500,221.250,1,OK
17800282,0.332500,5.088750,33.250,167.500,1,OK
17820293,0.437500,5.067500,43.750,221.250,1,OK
17840283,0.437500,5.072500,43.750,221.250,1,OK
17860293,0.437500,5.073750,43.750,221.250,1,OK
17880282,0.440000,5.071250,44.000,223.750,1,OK
17900294,0.435000,5.072500,43.500,221.250,1,OK
17920283,0.450000,5.072500,43.500,221.250,1,OK
17940293,0.437500,5.071250,43.500,221.250,1,OK
17960282,0.437500,5.072500,43.750,221.250,1,OK
17980293,0.432500,5.072500,43.250,218.750,1,OK
18000282,0.437500,5.070000,43.750,221.250,1,OK
18020293,0.435000,5.072500,43.500,221.250,1,OK
18040282,0.437500,5.072500,43.750,221.250,1,OK
18060293,0.437500,5.071250,43.750,221.250,1,OK
18080283,0.437500,5.073750,43.750,221.250,1,OK
18100294,0.445000,5.072500,44.000,223.750,1,OK
18120282,0.437500,5.072500,43.500,221.250,1,OK
18140293,0.437500,5.072500,43.750,221.250,1,OK
18160282,0.437500,5.073750,43.750,221.250,1,OK
18180293,0.437500,5.071250,43.750,221.250,1,OK
18200282,0.440000,5.072500,44.000,223.750,1,OK
18220293,0.440000,5.071250,44.000,223.750,1,OK
18240283,0.437500,5.072500,43.750,221.250,1,OK
18260293,0.437500,5.072500,43.750,221.250,1,OK
18280282,0.440000,5.073750,43.750,221.250,1,OK
18300294,0.437500,5.073750,43.750,221.250,1,OK
18320283,0.437500,5.071250,44.000,221.250,1,OK
18340293,0.435000,5.066250,43.500,221.250,1,OK
18360282,0.437500,5.072500,43.750,221.250,1,OK
18380293,0.442500,5.072500,44.250,225.000,1,OK
18400282,0.335000,5.088750,33.500,170.000,1,OK
18420293,0.437500,5.072500,43.750,221.250,1,OK
18440283,0.435000,5.072500,43.500,221.250,1,OK
18460293,0.440000,5.072500,43.500,221.250,1,OK
18480283,0.440000,5.072500,43.750,223.750,1,OK
18500294,0.440000,5.072500,44.000,223.750,1,OK
18520283,0.437500,5.067500,43.750,221.250,1,OK
18540293,0.437500,5.072500,43.750,221.250,1,OK
18560282,0.440000,5.071250,44.000,223.750,1,OK
18580293,0.435000,5.073750,43.500,221.250,1,OK
18600283,0.442500,5.072500,44.250,225.000,1,OK
18620293,0.445000,5.072500,43.750,221.250,1,OK
18640282,0.435000,5.073750,43.750,221.250,1,OK
18660293,0.440000,5.072500,43.500,223.750,1,OK
18680283,0.437500,5.071250,43.750,221.250,1,OK
18700295,0.435000,5.068750,43.500,221.250,1,OK
18720283,0.437500,5.073750,43.750,221.250,1,OK
18740293,0.437500,5.073750,43.750,221.250,1,OK
18760283,0.440000,5.072500,44.000,223.750,1,OK
18780293,0.437500,5.072500,43.750,221.250,1,OK
18800283,0.437500,5.072500,43.500,221.250,1,OK
18820293,0.437500,5.072500,43.750,221.250,1,OK
18840282,0.437500,5.072500,43.500,221.250,1,OK
18860293,0.437500,5.066250,43.750,221.250,1,OK
18880282,0.437500,5.070000,43.750,221.250,1,OK
18900294,0.437500,5.072500,43.750,221.250,1,OK
18920282,0.440000,5.071250,44.000,223.750,1,OK
18940293,0.437500,5.072500,43.750,221.250,1,OK
18960282,0.435000,5.072500,43.500,221.250,1,OK
18980293,0.437500,5.072500,43.500,221.250,1,OK
19000282,0.335000,5.087500,33.250,170.000,1,OK
19020293,0.437500,5.072500,43.750,221.250,1,OK
19040282,0.437500,5.067500,43.750,221.250,1,OK
19060293,0.437500,5.073750,43.750,221.250,1,OK
19080282,0.437500,5.072500,43.750,221.250,1,OK
19100295,0.435000,5.071250,43.500,221.250,1,OK
19120283,0.440000,5.072500,44.000,223.750,1,OK
19140293,0.452500,5.071250,43.750,221.250,1,OK
19160282,0.437500,5.073750,44.000,223.750,1,OK
19180293,0.437500,5.073750,43.750,221.250,1,OK
19200282,0.437500,5.071250,43.750,221.250,1,OK
19220294,0.435000,5.070000,43.500,221.250,1,OK
19240282,0.437500,5.072500,43.750,221.250,1,OK
19260293,0.437500,5.072500,43.750,221.250,1,OK
19280282,0.435000,5.073750,43.500,221.250,1,OK
19300295,0.437500,5.072500,43.750,221.250,1,OK
19320283,0.447500,5.071250,43.750,221.250,1,OK
19340293,0.440000,5.073750,44.000,223.750,1,OK
19360283,0.437500,5.072500,43.500,221.250,1,OK
19380293,0.442500,5.072500,44.250,223.750,1,OK
19400282,0.437500,5.068750,43.750,221.250,1,OK
19420294,0.437500,5.072500,43.750,221.250,1,OK
19440282,0.440000,5.072500,44.000,223.750,1,OK
19460293,0.437500,5.071250,43.750,221.250,1,OK
19480283,0.435000,5.072500,43.500,221.250,1,OK
19500294,0.442500,5.072500,44.000,223.750,1,OK
19520283,0.440000,5.072500,43.750,221.250,1,OK
19540293,0.437500,5.072500,43.750,221.250,1,OK
19560282,0.435000,5.068750,43.500,221.250,1,OK
19580293,0.437500,5.071250,43.750,221.250,1,OK
19600282,0.335000,5.087500,33.500,170.000,1,OK
19620293,0.440000,5.072500,44.000,223.750,1,OK
19640283,0.440000,5.072500,44.000,223.750,1,OK
19660293,0.435000,5.072500,43.500,221.250,1,OK
19680282,0.437500,5.072500,43.750,221.250,1,OK
19700295,0.437500,5.072500,43.750,221.250,1,OK
19720283,0.437500,5.072500,43.750,221.250,1,OK
19740293,0.437500,5.067500,43.750,221.250,1,OK
19760282,0.437500,5.072500,43.750,221.250,1,OK
19780293,0.435000,5.072500,43.500,221.250,1,OK
19800283,0.440000,5.071250,44.000,223.750,1,OK
19820293,0.437500,5.072500,43.750,221.250,1,OK
19840282,0.450000,5.071250,43.750,221.250,1,OK
19860293,0.442500,5.072500,43.750,221.250,1,OK
19880283,0.437500,5.072500,43.500,221.250,1,OK
19900294,0.437500,5.072500,43.750,221.250,1,OK
19920282,0.440000,5.070000,44.000,223.750,1,OK
19940293,0.437500,5.071250,43.750,221.250,1,OK
19960283,0.435000,5.073750,43.500,221.250,1,OK
19980294,0.437500,5.072500,43.750,221.250,1,OK
20000282,0.435000,5.071250,43.500,221.250,1,OK
20020293,0.440000,5.072500,43.500,221.250,1,OK
20040283,0.437500,5.073750,43.500,221.250,1,OK
20060293,0.437500,5.072500,43.500,221.250,1,OK
20080282,0.435000,5.072500,43.500,221.250,1,OK
20100295,0.435000,5.070000,43.500,221.250,1,OK
20120283,0.440000,5.072500,44.000,223.750,1,OK
20140293,0.440000,5.073750,44.000,223.750,1,OK
20160283,0.435000,5.072500,43.500,221.250,1,OK
20180293,0.437500,5.072500,43.750,221.250,1,OK
20200282,0.345000,5.088750,33.000,167.500,1,OK
20220293,0.435000,5.072500,43.750,221.250,1,OK
20240283,0.440000,5.072500,44.000,223.750,1,OK
20260293,0.440000,5.067500,44.000,223.750,1,OK
20280282,0.437500,5.072500,43.750,221.250,1,OK
20300295,0.435000,5.072500,43.500,221.250,1,OK
20320282,0.435000,5.071250,43.500,221.250,1,OK
20340293,0.437500,5.072500,43.750,221.250,1,OK
20360282,0.452500,5.073750,43.750,221.250,1,OK
20380293,0.437500,5.072500,43.750,221.250,1,OK
20400283,0.440000,5.073750,43.750,223.750,1,OK
20420293,0.435000,5.071250,43.500,221.250,1,OK
20440282,0.435000,5.068750,43.500,221.250,1,OK
20460293,0.437500,5.073750,43.750,221.250,1,OK
20480283,0.437500,5.072500,43.750,221.250,1,OK
20500295,0.437500,5.071250,43.750,221.250,1,OK
20520282,0.440000,5.073750,44.000,223.750,1,OK
20540293,0.445000,5.072500,43.750,221.250,1,OK
20560283,0.440000,5.073750,43.750,221.250,1,OK
20580293,0.440000,5.072500,44.000,223.750,1,OK
20600282,0.437500,5.071250,43.750,221.250,1,OK
20620294,0.437500,5.070000,43.750,221.250,1,OK
20640283,0.437500,5.073750,43.750,221.250,1,OK
20660293,0.437500,5.072500,43.750,221.250,1,OK
20680282,0.437500,5.073750,43.750,221.250,1,OK
20700294,0.440000,5.071250,44.000,223.750,1,OK
20720283,0.437500,5.072500,43.500,221.250,1,OK
20740293,0.437500,5.073750,43.500,221.250,1,OK
20760282,0.435000,5.072500,43.500,221.250,1,OK
20780293,0.442500,5.067500,44.250,223.750,1,OK
20800282,0.332500,5.082500,33.250,170.000,1,OK
20820293,0.435000,5.072500,43.500,221.250,1,OK
20840283,0.435000,5.072500,43.500,221.250,1,OK
20860292,0.437500,5.073750,43.750,221.250,1,OK
20880282,0.437500,5.073750,43.750,221.250,1,OK
20900294,0.440000,5.071250,43.750,221.250,1,OK
20920283,0.440000,5.072500,43.750,221.250,1,OK
20940293,0.437500,5.072500,43.750,221.250,1,OK
20960282,0.437500,5.068750,43.750,221.250,1,OK
20980294,0.435000,5.071250,43.500,221.250,1,OK
21000283,0.445000,5.072500,44.500,225.000,1,OK
21020293,0.437500,5.071250,43.750,221.250,1,OK
21040283,0.440000,5.072500,44.000,223.750,1,OK
21060293,0.445000,5.072500,43.500,221.250,1,OK
21080283,0.437500,5.073750,43.500,221.250,1,OK
21100293,0.437500,5.071250,44.000,221.250,1,OK
21120283,0.437500,5.071250,43.750,221.250,1,OK
21140293,0.437500,5.068750,43.750,221.250,1,OK
21160283,0.437500,5.072500,43.750,221.250,1,OK
21180293,0.437500,5.073750,43.750,221.250,1,OK
21200283,0.437500,5.072500,43.750,221.250,1,OK
21220293,0.435000,5.073750,43.500,221.250,1,OK
21240283,0.442500,5.072500,43.750,221.250,1,OK
21260293,0.437500,5.071250,43.500,221.250,1,OK
21280282,0.437500,5.072500,43.500,221.250,1,OK
21300295,0.440000,5.072500,44.000,223.750,1,OK
21320283,0.437500,5.070000,43.750,221.250,1,OK
21340293,0.440000,5.072500,44.000,223.750,1,OK
21360282,0.435000,5.072500,43.500,221.250,1,OK
21380293,0.440000,5.072500,44.000,223.750,1,OK
21400282,0.335000,5.087500,33.500,170.000,1,OK
21420293,0.435000,5.073750,43.750,221.250,1,OK
21440283,0.440000,5.072500,43.500,221.250,1,OK
21460293,0.440000,5.072500,43.750,223.750,1,OK
21480282,0.435000,5.066250,43.500,221.250,1,OK
21500293,0.440000,5.072500,44.000,223.750,1,OK
21520283,0.437500,5.072500,43.750,221.250,1,OK
21540293,0.437500,5.072500,43.750,221.250,1,OK
21560282,0.437500,5.071250,43.750,221.250,1,OK
21580294,0.452500,5.072500,44.000,223.750,1,OK
21600283,0.437500,5.071250,43.750,221.250,1,OK
21620293,0.437500,5.072500,44.000,221.250,1,OK
21640282,0.440000,5.072500,44.000,223.750,1,OK
21660293,0.437500,5.068750,43.750,221.250,1,OK
21680283,0.440000,5.072500,44.000,223.750,1,OK
21700294,0.437500,5.070000,43.750,221.250,1,OK
21720282,0.437500,5.072500,43.750,221.250,1,OK
21740293,0.437500,5.073750,43.750,221.250,1,OK
21760283,0.445000,5.072500,43.750,221.250,1,OK
21780293,0.440000,5.072500,43.500,221.250,1,OK
21800282,0.437500,5.073750,44.000,221.250,1,OK
21820293,0.437500,5.072500,43.750,221.250,1,OK
21840283,0.437500,5.071250,43.750,221.250,1,OK
21860293,0.437500,5.073750,43.750,221.250,1,OK
21880282,0.437500,5.072500,43.750,221.250,1,OK
21900295,0.435000,5.072500,43.500,221.250,1,OK
21920282,0.437500,5.072500,43.750,221.250,1,OK
21940293,0.440000,5.072500,43.750,221.250,1,OK
21960282,0.437500,5.073750,43.500,221.250,1,OK
21980293,0.437500,5.072500,43.750,221.250,1,OK
22000282,0.332500,5.073750,33.250,167.500,1,OK
22020293,0.437500,5.070000,43.750,221.250,1,OK
22040283,0.440000,5.072500,44.000,223.750,1,OK
22060293,0.435000,5.071250,43.500,221.250,1,OK
22080282,0.437500,5.072500,43.750,221.250,1,OK
22100295,0.437500,5.072500,43.750,221.250,1,OK
22120283,0.437500,5.072500,43.750,221.250,1,OK
22140293,0.435000,5.072500,44.000,223.750,1,OK
22160282,0.437500,5.073750,43.750,221.250,1,OK
22180293,0.437500,5.068750,43.750,221.250,1,OK
22200283,0.437500,5.071250,43.750,221.250,1,OK
22220293,0.437500,5.072500,43.750,221.250,1,OK
22240282,0.437500,5.071250,43.750,221.250,1,OK
22260294,0.437500,5.072500,43.750,221.250,1,OK
22280282,0.452500,5.072500,43.750,221.250,1,OK
22300295,0.437500,5.072500,43.750,221.250,1,OK
22320283,0.437500,5.072500,43.500,221.250,1,OK
22340293,0.437500,5.072500,43.750,221.250,1,OK
22360283,0.437500,5.070000,43.750,221.250,1,OK
22380293,0.437500,5.072500,43.750,221.250,1,OK
22400283,0.437500,5.073750,43.750,221.250,1,OK
22420293,0.437500,5.071250,43.750,221.250,1,OK
22440283,0.437500,5.073750,43.750,221.250,1,OK
22460293,0.442500,5.073750,43.750,221.250,1,OK
22480282,0.435000,5.072500,43.500,221.250,1,OK
22500295,0.437500,5.072500,43.750,221.250,1,OK
22520283,0.437500,5.073750,43.750,221.250,1,OK
22540293,0.440000,5.071250,44.000,223.750,1,OK
22560283,0.440000,5.072500,44.000,223.750,1,OK
22580293,0.437500,5.072500,43.750,221.250,1,OK
22600282,0.332500,5.090000,33.250,170.000,1,OK
22620293,0.437500,5.072500,43.750,221.250,1,OK
22640283,0.437500,5.071250,43.500,221.250,1,OK
22660293,0.437500,5.072500,43.500,221.250,1,OK
22680283,0.435000,5.072500,44.000,221.250,1,OK
22700293,0.437500,5.066250,43.750,221.250,1,OK
22720283,0.437500,5.070000,43.750,221.250,1,OK
22740293,0.440000,5.072500,44.000,223.750,1,OK
22760282,0.440000,5.072500,44.000,223.750,1,OK
22780293,0.437500,5.072500,43.750,221.250,1,OK
22800282,0.440000,5.070000,44.000,223.750,1,OK
22820293,0.437500,5.072500,43.500,221.250,1,OK
22840283,0.437500,5.073750,44.000,221.250,1,OK
22860293,0.437500,5.071250,43.750,221.250,1,OK
22880283,0.440000,5.068750,44.000,223.750,1,OK
22900294,0.437500,5.071250,43.750,221.250,1,OK
22920282,0.437500,5.073750,43.750,221.250,1,OK
22940293,0.435000,5.072500,43.500,221.250,1,OK
22960283,0.437500,5.073750,43.750,221.250,1,OK
22980293,0.445000,5.073750,43.750,221.250,1,OK
23000283,0.437500,5.072500,43.750,221.250,1,OK
23020294,0.435000,5.072500,43.750,221.250,1,OK
23040283,0.437500,5.073750,43.750,221.250,1,OK
23060293,0.437500,5.070000,43.750,221.250,1,OK
23080282,0.437500,5.072500,43.750,221.250,1,OK
23100295,0.437500,5.072500,43.750,221.250,1,OK
23120283,0.437500,5.072500,43.750,221.250,1,OK
23140293,0.437500,5.072500,43.750,221.250,1,OK
23160282,0.437500,5.072500,44.000,223.750,1,OK
23180293,0.440000,5.073750,43.500,221.250,1,OK
23200282,0.335000,5.090000,33.250,170.000,1,OK
23220294,0.437500,5.066250,43.750,221.250,1,OK
23240283,0.437500,5.072500,43.750,221.250,1,OK
23260293,0.437500,5.073750,43.750,221.250,1,OK
23280282,0.440000,5.072500,44.000,223.750,1,OK
23300294,0.437500,5.072500,43.750,221.250,1,OK
23320282,0.435000,5.072500,43.500,221.250,1,OK
23340293,0.435000,5.073750,43.250,218.750,1,OK
23360283,0.437500,5.072500,43.750,221.250,1,OK
23380293,0.435000,5.073750,43.500,221.250,1,OK
23400282,0.437500,5.067500,43.750,221.250,1,OK
23420293,0.435000,5.072500,43.500,221.250,1,OK
23440282,0.437500,5.073750,43.750,221.250,1,OK
23460293,0.435000,5.072500,43.500,221.250,1,OK
23480283,0.437500,5.073750,43.750,221.250,1,OK
23500294,0.447500,5.072500,43.750,221.250,1,OK
23520283,0.435000,5.072500,43.750,221.250,1,OK
23540293,0.437500,5.071250,43.500,221.250,1,OK
23560283,0.437500,5.073750,43.750,221.250,1,OK
23580293,0.437500,5.068750,43.750,221.250,1,OK
23600282,0.437500,5.071250,43.750,221.250,1,OK
23620294,0.440000,5.072500,44.000,223.750,1,OK
23640283,0.435000,5.073750,43.500,221.250,1,OK
23660294,0.437500,5.072500,43.750,221.250,1,OK
23680282,0.445000,5.073750,43.750,221.250,1,OK
23700295,0.435000,5.072500,43.750,221.250,1,OK
23720283,0.437500,5.071250,44.000,221.250,1,OK
23740293,0.437500,5.073750,43.750,221.250,1,OK
23760282,0.440000,5.070000,44.000,223.750,1,OK
23780293,0.437500,5.072500,43.750,221.250,1,OK
23800282,0.332500,5.087500,33.250,170.000,1,OK
23820293,0.435000,5.072500,43.500,221.250,1,OK
23840283,0.437500,5.073750,43.750,221.250,1,OK
23860293,0.440000,5.072500,43.750,221.250,1,OK
23880282,0.437500,5.072500,43.750,221.250,1,OK
23900295,0.437500,5.072500,43.750,221.250,1,OK
23920283,0.437500,5.067500,43.750,221.250,1,OK
23940293,0.437500,5.071250,43.750,221.250,1,OK
23960283,0.437500,5.072500,43.750,221.250,1,OK
23980293,0.435000,5.073750,43.500,221.250,1,OK
24000282,0.437500,5.073750,43.750,221.250,1,OK
24020293,0.437500,5.072500,43.750,221.250,1,OK
24040282,0.440000,5.072500,43.750,221.250,1,OK
24060294,0.437500,5.072500,43.750,221.250,1,OK
24080282,0.435000,5.072500,43.500,221.250,1,OK
24100295,0.437500,5.068750,43.750,221.250,1,OK
24120282,0.437500,5.072500,43.750,221.250,1,OK
24140293,0.435000,5.072500,43.500,221.250,1,OK
24160283,0.437500,5.072500,43.750,221.250,1,OK
24180293,0.437500,5.073750,43.750,221.250,1,OK
24200283,0.445000,5.072500,43.500,221.250,1,OK
24220293,0.435000,5.072500,44.000,223.750,1,OK
24240283,0.435000,5.072500,43.750,221.250,1,OK
24260293,0.440000,5.072500,44.000,223.750,1,OK
24280282,0.440000,5.070000,44.000,223.750,1,OK
24300295,0.437500,5.071250,43.750,221.250,1,OK
24320283,0.437500,5.072500,43.750,221.250,1,OK
24340293,0.435000,5.073750,43.500,221.250,1,OK
24360282,0.437500,5.071250,43.750,221.250,1,OK
24380294,0.442500,5.072500,43.500,221.250,1,OK
24400282,0.332500,5.090000,33.500,170.000,1,OK
24420293,0.440000,5.072500,43.750,223.750,1,OK
24440283,0.440000,5.066250,44.000,223.750,1,OK
24460293,0.437500,5.071250,43.750,221.250,1,OK
24480283,0.435000,5.072500,43.500,221.250,1,OK
24500294,0.440000,5.073750,44.000,223.750,1,OK
24520282,0.440000,5.071250,44.000,223.750,1,OK
24540293,0.435000,5.072500,43.500,221.250,1,OK
24560282,0.440000,5.071250,43.500,221.250,1,OK
24580293,0.437500,5.072500,44.000,223.750,1,OK
24600283,0.437500,5.072500,44.000,221.250,1,OK
24620293,0.440000,5.066250,44.000,223.750,1,OK
24640282,0.437500,5.072500,43.750,221.250,1,OK
24660293,0.437500,5.072500,43.750,221.250,1,OK
24680282,0.437500,5.072500,43.750,221.250,1,OK
24700295,0.440000,5.071250,44.000,223.750,1,OK
24720283,0.450000,5.072500,44.000,223.750,1,OK
24740293,0.437500,5.072500,44.000,223.750,1,OK
24760283,0.437500,5.072500,43.750,221.250,1,OK
24780293,0.440000,5.072500,44.000,223.750,1,OK
24800283,0.437500,5.068750,43.750,221.250,1,OK
24820293,0.437500,5.072500,43.750,221.250,1,OK
24840282,0.435000,5.071250,43.500,221.250,1,OK
24860293,0.437500,5.072500,43.750,221.250,1,OK
24880282,0.437500,5.072500,43.750,221.250,1,OK
24900295,0.447500,5.071250,43.750,221.250,1,OK
24920283,0.437500,5.071250,43.750,221.250,1,OK
24940293,0.437500,5.073750,43.750,221.250,1,OK
24960282,0.440000,5.073750,44.000,223.750,1,OK
24980293,0.435000,5.070000,43.500,221.250,1,OK
25000282,0.332500,5.086250,33.250,170.000,1,OK
25020293,0.437500,5.072500,43.750,221.250,1,OK
25040283,0.437500,5.072500,43.750,221.250,1,OK
25060293,0.430000,5.072500,43.000,218.750,1,OK
25080282,0.440000,5.073750,43.750,221.250,1,OK
25100294,0.435000,5.073750,43.500,221.250,1,OK
25120283,0.437500,5.072500,43.750,221.250,1,OK
25140293,0.437500,5.067500,43.750,221.250,1,OK
25160282,0.437500,5.071250,43.750,221.250,1,OK
25180294,0.440000,5.073750,44.000,223.750,1,OK
25200283,0.437500,5.071250,43.750,221.250,1,OK
25220293,0.435000,5.072500,43.500,221.250,1,OK
25240282,0.437500,5.072500,43.750,221.250,1,OK
25260293,0.437500,5.072500,43.750,221.250,1,OK
25280282,0.437500,5.072500,43.750,221.250,1,OK
25300295,0.440000,5.072500,44.000,223.750,1,OK
25320282,0.437500,5.067500,43.750,221.250,1,OK
25340293,0.437500,5.072500,43.750,221.250,1,OK
25360283,0.437500,5.073750,43.750,221.250,1,OK
25380293,0.437500,5.072500,43.750,221.250,1,OK
25400283,0.435000,5.071250,43.500,221.250,1,OK
25420293,0.447500,5.072500,43.750,221.250,1,OK
25440283,0.440000,5.073750,43.750,221.250,1,OK
25460294,0.440000,5.072500,43.500,223.750,1,OK
25480283,0.437500,5.071250,43.750,221.250,1,OK
25500295,0.437500,5.070000,43.750,221.250,1,OK
25520283,0.437500,5.072500,43.750,221.250,1,OK
25540293,0.440000,5.073750,44.000,223.750,1,OK
25560282,0.437500,5.072500,43.750,221.250,1,OK
25580293,0.437500,5.073750,43.750,221.250,1,OK
25600282,0.360000,5.088750,33.500,170.000,1,OK
25620292,0.435000,5.072500,43.750,221.250,1,OK
25640283,0.437500,5.072500,43.750,221.250,1,OK
25660293,0.437500,5.065000,43.750,221.250,1,OK
25680282,0.435000,5.072500,43.500,221.250,1,OK
25700295,0.437500,5.073750,43.750,221.250,1,OK
25720283,0.435000,5.072500,43.500,221.250,1,OK
25740293,0.437500,5.073750,43.750,221.250,1,OK
25760282,0.437500,5.072500,43.750,221.250,1,OK
25780293,0.437500,5.072500,44.000,223.750,1,OK
25800282,0.437500,5.070000,44.000,223.750,1,OK
25820293,0.440000,5.072500,43.750,223.750,1,OK
25840282,0.437500,5.067500,43.750,221.250,1,OK
25860293,0.437500,5.072500,43.750,221.250,1,OK
25880283,0.440000,5.072500,44.000,223.750,1,OK
25900293,0.440000,5.072500,44.000,223.750,1,OK
25920282,0.440000,5.071250,44.000,223.750,1,OK
25940293,0.450000,5.072500,43.750,221.250,1,OK
25960283,0.440000,5.072500,43.750,221.250,1,OK
25980293,0.437500,5.072500,44.000,221.250,1,OK
26000283,0.437500,5.073750,43.750,221.250,1,OK
26020293,0.437500,5.068750,43.750,221.250,1,OK
26040283,0.437500,5.072500,43.750,221.250,1,OK
26060293,0.440000,5.073750,44.000,223.750,1,OK
26080282,0.437500,5.072500,43.750,221.250,1,OK
26100295,0.437500,5.072500,43.750,221.250,1,OK
26120283,0.442500,5.072500,43.750,221.250,1,OK
26140293,0.437500,5.073750,43.750,221.250,1,OK
26160282,0.437500,5.073750,43.750,221.250,1,OK
26180293,0.437500,5.072500,43.750,221.250,1,OK
26200282,0.332500,5.081250,33.250,167.500,1,OK
26220293,0.437500,5.072500,43.750,221.250,1,OK
26240283,0.437500,5.072500,43.750,221.250,1,OK
26260292,0.437500,5.072500,43.750,221.250,1,OK
26280282,0.437500,5.072500,43.750,221.250,1,OK
26300295,0.437500,5.072500,44.000,223.750,1,OK
26320282,0.435000,5.072500,43.750,221.250,1,OK
26340293,0.440000,5.073750,43.750,223.750,1,OK
26360282,0.437500,5.066250,43.750,221.250,1,OK
26380293,0.440000,5.072500,44.000,223.750,1,OK
26400282,0.435000,5.072500,43.500,221.250,1,OK
26420293,0.437500,5.072500,43.750,221.250,1,OK
26440282,0.435000,5.071250,43.500,221.250,1,OK
26460293,0.440000,5.072500,44.000,223.750,1,OK
26480282,0.432500,5.073750,43.500,221.250,1,OK
26500295,0.440000,5.071250,43.750,223.750,1,OK
26520282,0.437500,5.072500,43.750,221.250,1,OK
26540293,0.437500,5.067500,43.750,221.250,1,OK
26560283,0.437500,5.072500,43.750,221.250,1,OK
26580293,0.437500,5.072500,43.750,221.250,1,OK
26600283,0.437500,5.072500,43.750,221.250,1,OK
26620293,0.440000,5.073750,44.000,223.750,1,OK
26640283,0.447500,5.071250,44.000,223.750,1,OK
26660293,0.437500,5.072500,44.000,223.750,1,OK
26680282,0.437500,5.072500,43.500,221.250,1,OK
26700295,0.437500,5.072500,43.750,221.250,1,OK
26720283,0.435000,5.070000,43.500,221.250,1,OK
26740293,0.437500,5.072500,43.750,221.250,1,OK
26760282,0.440000,5.072500,44.000,223.750,1,OK
26780293,0.440000,5.071250,44.000,223.750,1,OK
26800282,0.332500,5.087500,33.250,170.000,1,OK
26820293,0.442500,5.070000,43.750,221.250,1,OK
26840283,0.437500,5.072500,44.000,223.750,1,OK
26860292,0.437500,5.072500,43.750,221.250,1,OK
26880282,0.442500,5.066250,44.250,223.750,1,OK
26900295,0.437500,5.071250,43.750,221.250,1,OK
26920283,0.440000,5.071250,44.000,223.750,1,OK
26940293,0.440000,5.072500,44.000,223.750,1,OK
26960283,0.440000,5.073750,44.000,223.750,1,OK
26980293,0.437500,5.072500,43.750,221.250,1,OK
27000283,0.437500,5.072500,43.500,221.250,1,OK
27020293,0.435000,5.071250,43.750,221.250,1,OK
27040282,0.435000,5.072500,43.500,221.250,1,OK
27060293,0.437500,5.067500,43.750,221.250,1,OK
27080283,0.437500,5.071250,43.750,221.250,1,OK
27100295,0.437500,5.072500,43.750,221.250,1,OK
27120283,0.437500,5.072500,43.750,221.250,1,OK
27140293,0.435000,5.072500,43.500,221.250,1,OK
27160283,0.455000,5.072500,43.500,221.250,1,OK
27180293,0.437500,5.071250,43.750,221.250,1,OK
27200282,0.437500,5.071250,43.750,221.250,1,OK
27220294,0.435000,5.071250,43.500,221.250,1,OK
27240283,0.437500,5.068750,43.750,221.250,1,OK
27260293,0.437500,5.073750,43.750,221.250,1,OK
27280282,0.440000,5.072500,44.000,223.750,1,OK
27300294,0.437500,5.072500,43.750,221.250,1,OK
27320282,0.437500,5.073750,43.750,221.250,1,OK
27340293,0.447500,5.072500,44.000,223.750,1,OK
27360282,0.440000,5.072500,43.500,221.250,1,OK
27380293,0.435000,5.073750,43.750,221.250,1,OK
27400282,0.332500,5.087500,33.250,167.500,1,OK
27420293,0.435000,5.068750,43.500,221.250,1,OK
27440282,0.440000,5.072500,44.000,223.750,1,OK
27460293,0.435000,5.073750,43.500,221.250,1,OK
27480283,0.440000,5.072500,44.000,223.750,1,OK
27500293,0.437500,5.071250,43.750,221.250,1,OK
27520283,0.440000,5.072500,43.500,221.250,1,OK
27540293,0.437500,5.072500,43.500,221.250,1,OK
27560282,0.437500,5.072500,43.750,221.250,1,OK
27580293,0.437500,5.067500,43.750,221.250,1,OK
27600283,0.437500,5.070000,43.750,221.250,1,OK
27620293,0.437500,5.071250,43.750,221.250,1,OK
27640283,0.435000,5.072500,43.500,221.250,1,OK
27660293,0.442500,5.073750,44.250,225.000,1,OK
27680283,0.437500,5.072500,43.750,221.250,1,OK
27700295,0.437500,5.072500,43.500,221.250,1,OK
27720282,0.437500,5.073750,43.750,221.250,1,OK
27740293,0.437500,5.072500,43.750,221.250,1,OK
27760283,0.437500,5.068750,43.750,221.250,1,OK
27780293,0.437500,5.072500,43.750,221.250,1,OK
27800283,0.442500,5.071250,44.250,225.000,1,OK
27820293,0.437500,5.071250,43.750,221.250,1,OK
27840283,0.437500,5.072500,43.750,221.250,1,OK
27860293,0.450000,5.072500,43.750,221.250,1,OK
27880282,0.437500,5.073750,43.500,221.250,1,OK
27900294,0.437500,5.072500,43.500,221.250,1,OK
27920283,0.437500,5.072500,43.750,221.250,1,OK
27940293,0.437500,5.070000,43.750,221.250,1,OK
27960283,0.437500,5.072500,43.750,221.250,1,OK
27980293,0.435000,5.073750,43.500,221.250,1,OK
28000282,0.335000,5.088750,33.500,170.000,1,OK
28020293,0.437500,5.073750,43.750,221.250,1,OK
28040283,0.442500,5.073750,43.750,221.250,1,OK
28060293,0.437500,5.072500,43.500,221.250,1,OK
28080282,0.437500,5.072500,44.250,221.250,1,OK
28100294,0.437500,5.072500,43.750,221.250,1,OK
28120282,0.437500,5.071250,43.750,221.250,1,OK
28140294,0.442500,5.072500,44.250,225.000,1,OK
28160282,0.437500,5.072500,43.750,221.250,1,OK
28180293,0.437500,5.072500,43.750,221.250,1,OK
28200283,0.440000,5.072500,44.000,223.750,1,OK
28220293,0.440000,5.072500,43.500,221.250,1,OK
28240283,0.440000,5.072500,43.500,221.250,1,OK
28260293,0.437500,5.072500,43.750,221.250,1,OK
28280282,0.440000,5.066250,44.000,223.750,1,OK
28300295,0.437500,5.070000,43.750,221.250,1,OK
28320282,0.437500,5.073750,43.750,221.250,1,OK
28340293,0.437500,5.072500,43.750,221.250,1,OK
28360283,0.440000,5.072500,44.000,223.750,1,OK
28380293,0.452500,5.072500,43.250,218.750,1,OK
28400283,0.437500,5.071250,43.750,221.250,1,OK
28420293,0.437500,5.072500,43.750,221.250,1,OK
28440282,0.437500,5.071250,43.750,221.250,1,OK
28460293,0.437500,5.068750,43.750,221.250,1,OK
28480283,0.440000,5.072500,44.000,223.750,1,OK
28500293,0.437500,5.072500,43.750,221.250,1,OK
28520282,0.440000,5.072500,44.000,223.750,1,OK
28540293,0.435000,5.072500,43.500,221.250,1,OK
28560282,0.450000,5.072500,43.750,221.250,1,OK
28580294,0.440000,5.072500,44.000,223.750,1,OK
28600282,0.335000,5.088750,33.000,170.000,1,OK
28620293,0.437500,5.071250,43.750,221.250,1,OK
28640283,0.440000,5.070000,44.000,223.750,1,OK
28660293,0.442500,5.072500,44.250,225.000,1,OK
28680283,0.437500,5.072500,43.750,221.250,1,OK
28700295,0.437500,5.071250,43.750,221.250,1,OK
28720283,0.440000,5.071250,44.000,223.750,1,OK
28740293,0.442500,5.071250,43.750,221.250,1,OK
28760282,0.437500,5.071250,43.750,221.250,1,OK
28780294,0.437500,5.073750,43.750,221.250,1,OK
28800282,0.440000,5.067500,44.000,223.750,1,OK
28820293,0.440000,5.071250,44.000,223.750,1,OK
28840283,0.435000,5.073750,43.500,221.250,1,OK
28860293,0.437500,5.073750,43.750,221.250,1,OK
28880283,0.437500,5.072500,43.750,221.250,1,OK
28900295,0.437500,5.072500,43.750,221.250,1,OK
28920283,0.432500,5.071250,43.750,221.250,1,OK
28940293,0.437500,5.072500,43.750,221.250,1,OK
28960282,0.440000,5.072500,44.000,223.750,1,OK
28980293,0.435000,5.067500,43.500,221.250,1,OK
29000282,0.437500,5.071250,43.750,221.250,1,OK
29020293,0.440000,5.072500,44.000,223.750,1,OK
29040283,0.435000,5.072500,43.500,221.250,1,OK
29060293,0.440000,5.072500,44.000,223.750,1,OK
29080282,0.447500,5.072500,43.750,221.250,1,OK
29100295,0.440000,5.072500,43.750,221.250,1,OK
29120283,0.435000,5.072500,43.750,218.750,1,OK
29140293,0.435000,5.073750,43.500,221.250,1,OK
29160282,0.437500,5.070000,43.750,221.250,1,OK
29180293,0.437500,5.072500,43.750,221.250,1,OK
29200282,0.332500,5.088750,33.250,170.000,1,OK
29220293,0.435000,5.073750,43.500,221.250,1,OK
29240283,0.435000,5.072500,43.500,221.250,1,OK
29260293,0.442500,5.071250,43.750,221.250,1,OK
29280283,0.437500,5.073750,43.500,221.250,1,OK
29300295,0.437500,5.072500,43.750,221.250,1,OK
29320283,0.440000,5.071250,44.000,223.750,1,OK
29340293,0.437500,5.070000,43.750,221.250,1,OK
29360282,0.442500,5.072500,44.250,225.000,1,OK
29380293,0.437500,5.071250,43.750,221.250,1,OK
29400282,0.440000,5.072500,44.000,223.750,1,OK
29420293,0.437500,5.071250,43.750,221.250,1,OK
29440282,0.437500,5.072500,43.750,221.250,1,OK
29460292,0.440000,5.072500,44.250,225.000,1,OK
29480283,0.437500,5.073750,43.750,221.250,1,OK
29500294,0.437500,5.066250,43.750,221.250,1,OK
29520283,0.440000,5.072500,44.000,223.750,1,OK
29540293,0.437500,5.072500,43.750,221.250,1,OK
29560283,0.437500,5.071250,43.750,221.250,1,OK
29580293,0.437500,5.072500,43.750,221.250,1,OK
29600283,0.452500,5.072500,43.750,221.250,1,OK
29620293,0.437500,5.072500,43.750,221.250,1,OK
29640283,0.437500,5.072500,43.750,221.250,1,OK
29660293,0.440000,5.072500,44.000,223.750,1,OK
29680282,0.440000,5.070000,44.000,223.750,1,OK
29700295,0.437500,5.071250,43.750,221.250,1,OK
29720283,0.437500,5.071250,43.750,221.250,1,OK
29740293,0.442500,5.072500,44.250,225.000,1,OK
29760282,0.437500,5.072500,43.750,221.250,1,OK
29780293,0.447500,5.072500,43.750,221.250,1,OK
29800282,0.337500,5.087500,33.250,170.000,1,OK
29820293,0.437500,5.071250,43.750,221.250,1,OK
29840283,0.440000,5.071250,44.000,223.750,1,OK
29860293,0.440000,5.068750,44.000,223.750,1,OK
29880283,0.440000,5.071250,44.000,223.750,1,OK
29900295,0.437500,5.071250,43.750,221.250,1,OK
29920283,0.437500,5.073750,43.750,221.250,1,OK
29940293,0.437500,5.072500,43.750,221.250,1,OK
29960282,0.437500,5.072500,43.750,221.250,1,OK
29980293,0.435000,5.072500,43.750,221.250,1,OK
30000278,0.332500,5.080000,43.500,167.500,0,OK
30020289,0.332500,5.082500,33.250,170.000,0,OK
30040278,0.335000,5.086250,33.500,170.000,0,OK
30060289,0.332500,5.088750,33.250,170.000,0,OK
30080278,0.332500,5.088750,33.250,170.000,0,OK
30100289,0.335000,5.088750,33.500,170.000,0,OK
30120278,0.337500,5.088750,33.750,172.500,0,OK
30140289,0.337500,5.088750,33.250,170.000,0,OK
30160278,0.332500,5.088750,33.250,170.000,0,OK
30180289,0.335000,5.088750,33.250,170.000,0,OK
30200278,0.335000,5.083750,33.500,170.000,0,OK
30220289,0.332500,5.087500,33.250,170.000,0,OK
30240278,0.332500,5.088750,33.250,170.000,0,OK
30260289,0.335000,5.088750,33.500,170.000,0,OK
30280278,0.332500,5.088750,33.250,170.000,0,OK
30300289,0.347500,5.087500,33.500,170.000,0,OK
30320278,0.337500,5.090000,33.250,170.000,0,OK
30340289,0.335000,5.088750,33.250,170.000,0,OK
30360278,0.332500,5.090000,33.250,167.500,0,OK
30380289,0.335000,5.085000,33.500,170.000,0,OK
30400278,0.332500,5.087500,33.250,170.000,0,OK
30420289,0.335000,5.088750,33.500,170.000,0,OK
30440278,0.335000,5.088750,33.500,170.000,0,OK
30460289,0.332500,5.088750,33.250,170.000,0,OK
30480278,0.347500,5.088750,33.250,170.000,0,OK
30500289,0.332500,5.088750,33.250,170.000,0,OK
30520278,0.337500,5.090000,33.250,172.500,0,OK
30540289,0.330000,5.088750,33.000,167.500,0,OK
30560278,0.332500,5.087500,33.250,170.000,0,OK
30580289,0.335000,5.088750,33.500,170.000,0,OK
30600278,0.332500,5.088750,33.250,170.000,0,OK
30620289,0.332500,5.088750,33.250,170.000,0,OK
30640278,0.332500,5.090000,33.250,170.000,0,OK
30660289,0.337500,5.088750,33.250,170.000,0,OK
30680278,0.332500,5.090000,33.250,170.000,0,OK
30700289,0.335000,5.088750,33.250,170.000,0,OK
30720278,0.335000,5.082500,33.500,170.000,0,OK
30740289,0.335000,5.086250,33.500,170.000,0,OK
30760278,0.335000,5.088750,33.500,170.000,0,OK
30780289,0.332500,5.088750,33.250,170.000,0,OK
30800278,0.330000,5.088750,33.000,167.500,0,OK
30820289,0.330000,5.087500,33.000,167.500,0,OK
30840278,0.337500,5.090000,33.250,170.000,0,OK
30860289,0.332500,5.088750,33.500,170.000,0,OK
30880278,0.335000,5.088750,33.250,170.000,0,OK
30900289,0.335000,5.083750,33.500,170.000,0,OK
30920278,0.332500,5.087500,33.250,170.000,0,OK
30940289,0.332500,5.088750,33.250,170.000,0,OK
30960278,0.332500,5.088750,33.250,170.000,0,OK
30980289,0.332500,5.088750,33.250,170.000,0,OK
31000278,0.347500,5.088750,33.250,170.000,0,OK
31020289,0.340000,5.088750,33.500,170.000,0,OK
31040278,0.330000,5.090000,33.000,167.500,0,OK
31060289,0.332500,5.088750,33.250,167.500,0,OK
31080278,0.335000,5.085000,33.500,170.000,0,OK
31100289,0.332500,5.087500,33.250,170.000,0,OK
31120278,0.332500,5.088750,33.250,170.000,0,OK
31140289,0.335000,5.087500,33.500,170.000,0,OK
31160278,0.332500,5.088750,33.250,170.000,0,OK
31180289,0.337500,5.088750,33.000,167.500,0,OK
31200278,0.332500,5.088750,33.500,170.000,0,OK
31220289,0.335000,5.088750,33.250,170.000,0,OK
31240278,0.332500,5.090000,33.250,170.000,0,OK
31260289,0.332500,5.086250,33.250,170.000,0,OK
31280278,0.335000,5.087500,33.500,170.000,0,OK
31300289,0.332500,5.087500,33.250,170.000,0,OK
31320278,0.332500,5.090000,33.250,170.000,0,OK
31340289,0.335000,5.090000,33.500,170.000,0,OK
31360278,0.337500,5.088750,33.000,167.500,0,OK
31380289,0.332500,5.088750,33.250,170.000,0,OK
31400278,0.332500,5.088750,33.000,167.500,0,OK
31420289,0.332500,5.082500,33.250,170.000,0,OK
31440278,0.332500,5.088750,33.250,170.000,0,OK
31460289,0.330000,5.088750,33.000,167.500,0,OK
31480278,0.330000,5.090000,33.000,167.500,0,OK
31500289,0.335000,5.088750,33.500,170.000,0,OK
31520278,0.352500,5.088750,33.250,170.000,0,OK
31540289,0.340000,5.088750,33.250,170.000,0,OK
31560278,0.332500,5.088750,33.250,170.000,0,OK
31580289,0.332500,5.090000,33.250,167.500,0,OK
31600278,0.335000,5.083750,33.500,170.000,0,OK
31620289,0.332500,5.088750,33.250,170.000,0,OK
31640278,0.332500,5.090000,33.250,170.000,0,OK
31660289,0.332500,5.088750,33.250,170.000,0,OK
31680278,0.330000,5.088750,33.000,167.500,0,OK
31700289,0.342500,5.087500,33.250,170.000,0,OK
31720278,0.335000,5.087500,33.250,170.000,0,OK
31740289,0.332500,5.088750,33.250,167.500,0,OK
31760278,0.330000,5.088750,33.000,167.500,0,OK
31780289,0.332500,5.086250,33.250,170.000,0,OK
31800278,0.332500,5.087500,33.250,170.000,0,OK
31820289,0.335000,5.088750,33.500,170.000,0,OK
31840278,0.330000,5.088750,33.000,167.500,0,OK
31860289,0.330000,5.088750,33.000,167.500,0,OK
31880278,0.337500,5.088750,33.500,170.000,0,OK
31900289,0.335000,5.088750,33.250,170.000,0,OK
31920278,0.335000,5.087500,33.250,170.000,0,OK
31940289,0.335000,5.081250,33.500,170.000,0,OK
31960278,0.330000,5.086250,33.000,167.500,0,OK
31980289,0.332500,5.087500,33.250,170.000,0,OK
32000278,0.335000,5.088750,33.500,170.000,0,OK
32020289,0.332500,5.088750,33.250,170.000,0,OK
32040278,0.332500,5.090000,33.250,170.000,0,OK
32060289,0.335000,5.088750,33.250,170.000,0,OK
32080278,0.332500,5.088750,33.250,170.000,0,OK
32100289,0.332500,5.088750,33.250,167.500,0,OK
32120278,0.337500,5.083750,33.750,172.500,0,OK
32140289,0.332500,5.088750,33.250,170.000,0,OK
32160278,0.335000,5.088750,33.500,170.000,0,OK
32180289,0.335000,5.090000,33.500,170.000,0,OK
32200278,0.332500,5.088750,33.250,170.000,0,OK
32220289,0.347500,5.087500,33.500,170.000,0,OK
32240278,0.342500,5.090000,33.250,170.000,0,OK
32260289,0.335000,5.088750,33.250,170.000,0,OK
32280278,0.335000,5.088750,33.500,170.000,0,OK
32300289,0.332500,5.085000,33.250,170.000,0,OK
32320278,0.330000,5.087500,33.000,167.500,0,OK
32340289,0.332500,5.088750,33.250,170.000,0,OK
32360278,0.332500,5.090000,33.250,170.000,0,OK
32380289,0.327500,5.088750,32.750,166.250,0,OK
32400278,0.340000,5.088750,33.250,170.000,0,OK
32420289,0.330000,5.087500,33.500,170.000,0,OK
32440278,0.330000,5.090000,33.000,167.500,0,OK
32460289,0.332500,5.088750,33.250,167.500,0,OK
32480278,0.335000,5.086250,33.500,170.000,0,OK
32500289,0.332500,5.087500,33.250,170.000,0,OK
32520278,0.332500,5.088750,33.250,170.000,0,OK
32540289,0.332500,5.090000,33.250,170.000,0,OK
32560278,0.332500,5.090000,33.250,170.000,0,OK
32580289,0.335000,5.088750,33.000,167.500,0,OK
32600278,0.332500,5.088750,33.500,170.000,0,OK
32620289,0.332500,5.088750,33.500,167.500,0,OK
32640278,0.330000,5.082500,33.000,167.500,0,OK
32660289,0.332500,5.087500,33.250,170.000,0,OK
32680278,0.335000,5.088750,33.500,170.000,0,OK
32700289,0.332500,5.088750,33.250,170.000,0,OK
32720278,0.332500,5.090000,33.250,170.000,0,OK
32740289,0.347500,5.088750,33.250,170.000,0,OK
32760278,0.337500,5.088750,33.250,170.000,0,OK
32780289,0.332500,5.090000,33.000,167.500,0,OK
32800278,0.337500,5.088750,33.750,172.500,0,OK
32820289,0.332500,5.085000,33.250,170.000,0,OK
32840278,0.332500,5.087500,33.250,170.000,0,OK
32860289,0.335000,5.088750,33.500,170.000,0,OK
32880278,0.332500,5.088750,33.250,170.000,0,OK
32900289,0.332500,5.088750,33.250,170.000,0,OK
32920278,0.347500,5.088750,33.250,170.000,0,OK
32940289,0.332500,5.088750,33.500,170.000,0,OK
32960278,0.332500,5.090000,33.000,167.500,0,OK
32980289,0.335000,5.088750,33.500,170.000,0,OK
33000278,0.332500,5.085000,33.250,170.000,0,OK
33020289,0.332500,5.088750,33.250,170.000,0,OK
33040278,0.330000,5.088750,33.000,167.500,0,OK
33060289,0.332500,5.090000,33.250,170.000,0,OK
33080278,0.332500,5.088750,33.250,170.000,0,OK
33100289,0.337500,5.087500,33.250,170.000,0,OK
33120278,0.332500,5.088750,33.250,170.000,0,OK
33140289,0.330000,5.088750,33.000,167.500,0,OK
33160278,0.335000,5.081250,33.500,170.000,0,OK
33180289,0.332500,5.086250,33.250,170.000,0,OK
33200278,0.335000,5.088750,33.500,170.000,0,OK
33220289,0.335000,5.088750,33.500,170.000,0,OK
33240278,0.335000,5.090000,33.500,170.000,0,OK
33260289,0.330000,5.088750,33.000,167.500,0,OK
33280278,0.337500,5.090000,33.000,167.500,0,OK
33300289,0.335000,5.088750,33.500,170.000,0,OK
33320278,0.332500,5.090000,33.500,167.500,0,OK
33340289,0.332500,5.082500,33.250,170.000,0,OK
33360278,0.332500,5.088750,33.250,170.000,0,OK
33380289,0.332500,5.090000,33.250,170.000,0,OK
33400278,0.332500,5.087500,33.250,170.000,0,OK
33420289,0.330000,5.087500,33.000,167.500,0,OK
33440278,0.347500,5.090000,33.250,170.000,0,OK
33460289,0.335000,5.090000,33.250,170.000,0,OK
33480278,0.335000,5.090000,33.500,170.000,0,OK
33500289,0.335000,5.088750,33.500,170.000,0,OK
33520278,0.332500,5.085000,33.250,170.000,0,OK
33540289,0.332500,5.088750,33.250,170.000,0,OK
33560278,0.332500,5.088750,33.250,170.000,0,OK
33580289,0.332500,5.088750,33.250,170.000,0,OK
33600278,0.335000,5.087500,33.500,170.000,0,OK
33620289,0.342500,5.088750,33.250,170.000,0,OK
33640278,0.332500,5.090000,33.250,170.000,0,OK
33660289,0.330000,5.090000,33.250,167.500,0,OK
33680278,0.332500,5.087500,33.250,167.500,0,OK
33700289,0.332500,5.086250,33.250,170.000,0,OK
33720278,0.335000,5.087500,33.500,170.000,0,OK
33740289,0.332500,5.088750,33.250,170.000,0,OK
33760278,0.335000,5.088750,33.500,170.000,0,OK
33780289,0.332500,5.090000,33.250,170.000,0,OK
33800278,0.337500,5.088750,33.000,167.500,0,OK
33820289,0.335000,5.088750,33.750,172.500,0,OK
33840278,0.332500,5.090000,33.250,167.500,0,OK
33860289,0.332500,5.082500,33.250,170.000,0,OK
33880278,0.332500,5.086250,33.250,170.000,0,OK
33900289,0.335000,5.088750,33.500,170.000,0,OK
33920278,0.330000,5.090000,33.000,167.500,0,OK
33940289,0.332500,5.088750,33.250,170.000,0,OK
33960278,0.350000,5.090000,33.250,170.000,0,OK
33980289,0.335000,5.088750,33.250,170.000,0,OK
34000278,0.332500,5.087500,33.500,170.000,0,OK
34020289,0.332500,5.090000,33.250,167.500,0,OK
34040278,0.330000,5.085000,33.000,167.500,0,OK
34060289,0.330000,5.086250,33.000,167.500,0,OK
34080278,0.332500,5.088750,33.250,170.000,0,OK
34100289,0.332500,5.088750,33.250,170.000,0,OK
34120278,0.335000,5.088750,33.500,170.000,0,OK
34140289,0.345000,5.088750,33.250,170.000,0,OK
34160278,0.335000,5.087500,33.250,170.000,0,OK
34180289,0.332500,5.088750,33.500,167.500,0,OK
34200278,0.332500,5.090000,33.250,167.500,0,OK
34220289,0.337500,5.086250,33.750,172.500,0,OK
34240278,0.332500,5.087500,33.250,170.000,0,OK
34260289,0.332500,5.090000,33.250,170.000,0,OK
34280278,0.335000,5.088750,33.500,170.000,0,OK
34300289,0.332500,5.088750,33.250,170.000,0,OK
34320278,0.340000,5.088750,33.500,170.000,0,OK
34340289,0.332500,5.088750,33.250,170.000,0,OK
34360278,0.332500,5.088750,33.000,167.500,0,OK
34380289,0.335000,5.082500,33.500,170.000,0,OK
34400278,0.332500,5.086250,33.250,170.000,0,OK
34420289,0.332500,5.088750,33.250,170.000,0,OK
34440278,0.332500,5.088750,33.250,170.000,0,OK
34460289,0.330000,5.088750,33.000,167.500,0,OK
34480278,0.332500,5.087500,33.250,170.000,0,OK
34500289,0.337500,5.088750,33.250,170.000,0,OK
34520278,0.335000,5.088750,33.500,170.000,0,OK
34540289,0.332500,5.090000,33.250,167.500,0,OK
34560278,0.335000,5.085000,33.500,170.000,0,OK
34580289,0.330000,5.087500,33.000,167.500,0,OK
34600278,0.332500,5.087500,33.250,170.000,0,OK
34620289,0.332500,5.088750,33.250,170.000,0,OK
34640278,0.332500,5.088750,33.250,170.000,0,OK
34660289,0.347500,5.088750,33.000,167.500,0,OK
34680278,0.340000,5.088750,33.250,170.000,0,OK
34700289,0.335000,5.088750,33.500,170.000,0,OK
34720278,0.330000,5.090000,33.000,167.500,0,OK
34740289,0.332500,5.086250,33.250,170.000,0,OK
34760278,0.337500,5.088750,33.750,172.500,0,OK
34780289,0.332500,5.090000,33.250,170.000,0,OK
34800278,0.335000,5.088750,33.500,170.000,0,OK
34820289,0.335000,5.088750,33.500,170.000,0,OK
34840278,0.342500,5.088750,33.250,170.000,0,OK
34860289,0.335000,5.088750,33.250,170.000,0,OK
34880278,0.332500,5.090000,33.250,167.500,0,OK
34900289,0.335000,5.088750,33.500,170.000,0,OK
34920278,0.332500,5.087500,33.250,170.000,0,OK
34940289,0.332500,5.088750,33.250,170.000,0,OK
34960278,0.335000,5.088750,33.500,170.000,0,OK
34980289,0.332500,5.087500,33.250,170.000,0,OK
35000278,0.332500,5.088750,33.250,170.000,0,OK
35020289,0.335000,5.087500,33.250,170.000,0,OK
35040278,0.332500,5.088750,33.250,170.000,0,OK
35060289,0.332500,5.088750,33.250,167.500,0,OK
35080278,0.332500,5.082500,33.250,170.000,0,OK
35100289,0.332500,5.086250,33.250,170.000,0,OK
35120278,0.332500,5.088750,33.250,170.000,0,OK
35140289,0.332500,5.088750,33.250,170.000,0,OK
35160278,0.330000,5.088750,33.000,167.500,0,OK
35180289,0.335000,5.088750,33.500,170.000,0,OK
35200278,0.337500,5.087500,33.250,170.000,0,OK
35220289,0.332500,5.088750,33.000,167.500,0,OK
35240278,0.332500,5.088750,33.250,167.500,0,OK
35260289,0.332500,5.085000,33.250,170.000,0,OK
35280278,0.330000,5.086250,33.000,167.500,0,OK
35300289,0.332500,5.088750,33.250,170.000,0,OK
35320278,0.332500,5.088750,33.250,170.000,0,OK
35340289,0.332500,5.088750,33.250,170.000,0,OK
35360278,0.342500,5.088750,33.250,170.000,0,OK
35380289,0.337500,5.090000,33.250,170.000,0,OK
35400278,0.335000,5.088750,33.000,170.000,0,OK
35420289,0.337500,5.088750,33.750,172.500,0,OK
35440278,0.332500,5.085000,33.250,170.000,0,OK
35460289,0.335000,5.087500,33.500,170.000,0,OK
35480278,0.335000,5.088750,33.500,170.000,0,OK
35500289,0.335000,5.088750,33.500,170.000,0,OK
35520278,0.332500,5.087500,33.250,170.000,0,OK
35540289,0.340000,5.090000,33.250,170.000,0,OK
35560278,0.332500,5.088750,33.250,170.000,0,OK
35580289,0.335000,5.090000,33.000,170.000,0,OK
35600278,0.332500,5.082500,33.250,170.000,0,OK
35620289,0.332500,5.087500,33.250,170.000,0,OK
35640278,0.330000,5.087500,33.000,167.500,0,OK
35660289,0.335000,5.088750,33.500,170.000,0,OK
35680278,0.332500,5.088750,33.250,170.000,0,OK
35700289,0.332500,5.087500,33.250,170.000,0,OK
35720278,0.337500,5.088750,33.250,170.000,0,OK
35740289,0.332500,5.088750,33.250,170.000,0,OK
35760278,0.332500,5.090000,33.500,167.500,0,OK
35780289,0.335000,5.082500,33.500,170.000,0,OK
35800278,0.335000,5.086250,33.500,170.000,0,OK
35820289,0.332500,5.087500,33.250,170.000,0,OK
35840278,0.332500,5.086250,33.250,170.000,0,OK
35860289,0.332500,5.090000,33.250,170.000,0,OK
35880278,0.352500,5.088750,33.000,167.500,0,OK
35900289,0.337500,5.088750,33.000,167.500,0,OK
35920278,0.335000,5.088750,33.250,170.000,0,OK
35940289,0.335000,5.088750,33.500,170.000,0,OK
35960278,0.335000,5.083750,33.500,170.000,0,OK
35980289,0.330000,5.087500,33.000,167.500,0,OK
36000278,0.335000,5.087500,33.500,170.000,0,OK
36020289,0.335000,5.088750,33.500,170.000,0,OK
36040278,0.335000,5.088750,33.500,170.000,0,OK
36060289,0.340000,5.088750,33.000,167.500,0,OK
36080278,0.332500,5.088750,33.250,170.000,0,OK
36100289,0.330000,5.088750,33.500,167.500,0,OK
36120278,0.335000,5.088750,33.500,170.000,0,OK
36140289,0.332500,5.085000,33.250,170.000,0,OK
36160278,0.332500,5.088750,33.250,170.000,0,OK
36180289,0.335000,5.088750,33.500,170.000,0,OK
36200278,0.332500,5.087500,33.250,170.000,0,OK
36220289,0.332500,5.088750,33.250,170.000,0,OK
36240278,0.337500,5.088750,33.500,170.000,0,OK
36260289,0.335000,5.088750,33.250,170.000,0,OK
36280278,0.332500,5.088750,33.000,167.500,0,OK
36300289,0.332500,5.082500,33.250,170.000,0,OK
36320278,0.332500,5.086250,33.250,170.000,0,OK
36340289,0.332500,5.088750,33.250,170.000,0,OK
36360278,0.332500,5.087500,33.250,170.000,0,OK
36380289,0.330000,5.088750,33.000,167.500,0,OK
36400278,0.332500,5.087500,33.250,170.000,0,OK
36420289,0.337500,5.087500,33.000,167.500,0,OK
36440278,0.332500,5.088750,33.250,170.000,0,OK
36460289,0.335000,5.088750,33.500,170.000,0,OK
36480278,0.335000,5.083750,33.500,170.000,0,OK
36500289,0.332500,5.088750,33.250,170.000,0,OK
36520278,0.332500,5.088750,33.250,170.000,0,OK
36540289,0.332500,5.088750,33.250,170.000,0,OK
36560278,0.332500,5.088750,33.250,170.000,0,OK
36580289,0.347500,5.088750,33.250,170.000,0,OK
36600278,0.335000,5.088750,33.250,170.000,0,OK
36620289,0.332500,5.090000,33.250,167.500,0,OK
36640278,0.335000,5.090000,33.500,170.000,0,OK
36660289,0.337500,5.086250,33.750,172.500,0,OK
36680278,0.332500,5.088750,33.250,170.000,0,OK
36700289,0.332500,5.088750,33.250,170.000,0,OK
36720278,0.332500,5.088750,33.250,170.000,0,OK
36740289,0.330000,5.088750,33.000,167.500,0,OK
36760278,0.340000,5.088750,33.250,170.000,0,OK
36780289,0.335000,5.088750,33.250,170.000,0,OK
36800278,0.332500,5.090000,33.250,167.500,0,OK
36820289,0.335000,5.081250,33.500,170.000,0,OK
36840278,0.332500,5.086250,33.250,170.000,0,OK
36860289,0.332500,5.088750,33.250,170.000,0,OK
36880278,0.332500,5.090000,33.250,170.000,0,OK
36900289,0.332500,5.088750,33.250,170.000,0,OK
36920278,0.332500,5.088750,33.250,170.000,0,OK
36940289,0.335000,5.088750,33.250,170.000,0,OK
36960278,0.332500,5.088750,33.250,170.000,0,OK
36980289,0.332500,5.088750,33.000,167.500,0,OK
37000278,0.332500,5.082500,33.250,170.000,0,OK
37020289,0.332500,5.087500,33.250,170.000,0,OK
37040278,0.330000,5.088750,33.000,167.500,0,OK
37060289,0.337500,5.088750,33.750,172.500,0,OK
37080278,0.332500,5.087500,33.250,170.000,0,OK
37100289,0.347500,5.087500,33.250,170.000,0,OK
37120278,0.335000,5.088750,33.250,170.000,0,OK
37140289,0.332500,5.090000,33.000,167.500,0,OK
37160278,0.335000,5.088750,33.500,170.000,0,OK
37180289,0.330000,5.085000,33.000,167.500,0,OK
37200278,0.335000,5.086250,33.500,170.000,0,OK
37220289,0.332500,5.088750,33.250,170.000,0,OK
37240278,0.332500,5.088750,33.250,170.000,0,OK
37260289,0.335000,5.088750,33.500,170.000,0,OK
37280278,0.345000,5.087500,33.250,170.000,0,OK
37300289,0.332500,5.087500,33.250,170.000,0,OK
37320278,0.332500,5.087500,33.000,167.500,0,OK
37340289,0.335000,5.087500,33.500,170.000,0,OK
37360278,0.332500,5.086250,33.250,170.000,0,OK
37380289,0.332500,5.087500,33.250,170.000,0,OK
37400278,0.330000,5.088750,33.000,167.500,0,OK
37420289,0.332500,5.090000,33.250,170.000,0,OK
37440278,0.330000,5.088750,33.000,167.500,0,OK
37460289,0.335000,5.088750,33.250,170.000,0,OK
37480278,0.332500,5.088750,33.000,167.500,0,OK
37500289,0.332500,5.088750,33.250,167.500,0,OK
37520278,0.332500,5.082500,33.250,170.000,0,OK
37540289,0.332500,5.086250,33.250,170.000,0,OK
37560278,0.332500,5.087500,33.250,170.000,0,OK
37580289,0.332500,5.088750,33.250,170.000,0,OK
37600278,0.332500,5.088750,33.250,170.000,0,OK
37620289,0.330000,5.087500,33.000,167.500,0,OK
37640278,0.337500,5.087500,33.250,170.000,0,OK
37660289,0.332500,5.087500,33.250,170.000,0,OK
37680278,0.332500,5.088750,33.000,167.500,0,OK
37700289,0.332500,5.083750,33.250,170.000,0,OK
37720278,0.332500,5.086250,33.250,170.000,0,OK
37740289,0.332500,5.088750,33.250,170.000,0,OK
37760278,0.335000,5.088750,33.500,170.000,0,OK
37780289,0.332500,5.088750,33.250,170.000,0,OK
37800278,0.345000,5.088750,33.250,170.000,0,OK
37820289,0.335000,5.088750,33.250,170.000,0,OK
37840278,0.335000,5.088750,33.250,170.000,0,OK
37860289,0.335000,5.088750,33.500,170.000,0,OK
37880278,0.335000,5.085000,33.500,170.000,0,OK
37900289,0.335000,5.087500,33.500,170.000,0,OK
37920278,0.335000,5.088750,33.500,170.000,0,OK
37940289,0.332500,5.088750,33.250,170.000,0,OK
37960278,0.335000,5.087500,33.500,170.000,0,OK
37980289,0.342500,5.087500,33.250,170.000,0,OK
38000278,0.335000,5.088750,33.250,170.000,0,OK
38020289,0.332500,5.090000,33.250,167.500,0,OK
38040278,0.332500,5.088750,33.250,167.500,0,OK
38060289,0.332500,5.087500,33.250,170.000,0,OK
38080278,0.332500,5.088750,33.250,170.000,0,OK
38100289,0.332500,5.088750,33.250,170.000,0,OK
38120278,0.335000,5.088750,33.500,170.000,0,OK
38140289,0.332500,5.088750,33.250,170.000,0,OK
38160278,0.335000,5.088750,33.000,167.500,0,OK
38180289,0.332500,5.090000,33.500,170.000,0,OK
38200278,0.335000,5.088750,33.250,170.000,0,OK
38220289,0.332500,5.082500,33.250,170.000,0,OK
38240278,0.332500,5.086250,33.250,170.000,0,OK
38260289,0.332500,5.087500,33.250,170.000,0,OK
38280278,0.335000,5.088750,33.500,170.000,0,OK
38300289,0.332500,5.088750,33.250,170.000,0,OK
38320278,0.350000,5.088750,33.500,170.000,0,OK
38340289,0.335000,5.088750,33.000,167.500,0,OK
38360278,0.332500,5.088750,33.500,170.000,0,OK
38380289,0.335000,5.090000,33.500,170.000,0,OK
38400278,0.335000,5.085000,33.500,170.000,0,OK
38420289,0.335000,5.087500,33.500,170.000,0,OK
38440278,0.332500,5.090000,33.250,170.000,0,OK
38460289,0.332500,5.088750,33.250,170.000,0,OK
38480278,0.332500,5.088750,33.250,170.000,0,OK
38500289,0.342500,5.088750,33.250,170.000,0,OK
38520278,0.335000,5.088750,33.250,170.000,0,OK
38540289,0.332500,5.090000,33.000,167.500,0,OK
38560278,0.332500,5.090000,33.250,167.500,0,OK
38580289,0.330000,5.086250,33.000,167.500,0,OK
38600278,0.332500,5.088750,33.250,170.000,0,OK
38620289,0.332500,5.088750,33.250,170.000,0,OK
38640278,0.332500,5.088750,33.250,170.000,0,OK
38660289,0.332500,5.090000,33.250,170.000,0,OK
38680278,0.340000,5.088750,33.250,170.000,0,OK
38700289,0.332500,5.088750,33.500,170.000,0,OK
38720278,0.332500,5.088750,33.250,167.500,0,OK
38740289,0.332500,5.081250,33.250,167.500,0,OK
38760278,0.332500,5.086250,33.250,170.000,0,OK
38780289,0.330000,5.088750,33.000,167.500,0,OK
38800278,0.330000,5.086250,33.000,167.500,0,OK
38820289,0.335000,5.088750,33.500,170.000,0,OK
38840278,0.332500,5.087500,33.250,170.000,0,OK
38860289,0.337500,5.090000,33.250,170.000,0,OK
38880278,0.330000,5.088750,33.250,170.000,0,OK
38900289,0.332500,5.088750,33.000,167.500,0,OK
38920278,0.335000,5.083750,33.500,170.000,0,OK
38940289,0.335000,5.087500,33.500,170.000,0,OK
38960278,0.332500,5.088750,33.250,170.000,0,OK
38980289,0.332500,5.090000,33.250,170.000,0,OK
39000278,0.332500,5.088750,33.250,170.000,0,OK
39020289,0.345000,5.087500,33.000,167.500,0,OK
39040278,0.337500,5.088750,33.250,170.000,0,OK
39060289,0.337500,5.088750,33.250,172.500,0,OK
39080278,0.332500,5.087500,33.250,167.500,0,OK
39100289,0.330000,5.085000,33.000,167.500,0,OK
39120278,0.335000,5.088750,33.500,170.000,0,OK
39140289,0.332500,5.088750,33.250,170.000,0,OK
39160278,0.332500,5.087500,33.250,170.000,0,OK
39180289,0.332500,5.088750,33.250,170.000,0,OK
39200278,0.340000,5.090000,33.250,170.000,0,OK
39220289,0.332500,5.088750,33.250,170.000,0,OK
39240278,0.337500,5.088750,33.250,172.500,0,OK
39260289,0.335000,5.088750,33.500,170.000,0,OK
39280278,0.335000,5.087500,33.500,170.000,0,OK
39300289,0.332500,5.087500,33.250,170.000,0,OK
39320278,0.332500,5.088750,33.250,170.000,0,OK
39340289,0.332500,5.090000,33.250,170.000,0,OK
39360278,0.332500,5.088750,33.250,170.000,0,OK
39380289,0.335000,5.088750,33.250,170.000,0,OK
39400278,0.335000,5.088750,33.000,167.500,0,OK
39420289,0.332500,5.088750,33.250,167.500,0,OK
39440278,0.330000,5.083750,33.000,167.500,0,OK
39460289,0.337500,5.087500,33.750,172.500,0,OK
39480278,0.332500,5.087500,33.250,170.000,0,OK
39500289,0.332500,5.088750,33.250,170.000,0,OK
39520278,0.335000,5.088750,33.500,170.000,0,OK
39540289,0.350000,5.090000,33.250,170.000,0,OK
39560278,0.340000,5.088750,33.250,170.000,0,OK
39580289,0.332500,5.088750,33.250,170.000,0,OK
39600278,0.332500,5.088750,33.250,167.500,0,OK
39620289,0.332500,5.083750,33.250,170.000,0,OK
39640278,0.330000,5.087500,33.000,167.500,0,OK
39660289,0.332500,5.090000,33.250,170.000,0,OK
39680278,0.335000,5.088750,33.500,170.000,0,OK
39700289,0.327500,5.088750,32.750,166.250,0,OK
39720278,0.345000,5.087500,33.250,170.000,0,OK
39740289,0.335000,5.087500,33.250,170.000,0,OK
39760278,0.332500,5.090000,33.000,167.500,0,OK
39780289,0.332500,5.088750,33.250,167.500,0,OK
39800278,0.335000,5.083750,33.500,170.000,0,OK
39820289,0.335000,5.087500,33.500,170.000,0,OK
39840278,0.332500,5.087500,33.250,170.000,0,OK
39860289,0.332500,5.088750,33.250,170.000,0,OK
39880278,0.332500,5.088750,33.250,170.000,0,OK
39900289,0.335000,5.088750,33.250,170.000,0,OK
39920278,0.332500,5.088750,33.250,170.000,0,OK
39940289,0.332500,5.088750,33.500,167.500,0,OK
39960278,0.332500,5.082500,33.250,170.000,0,OK
39980289,0.332500,5.088750,33.250,170.000,0,OK
