timestamp_ms,shunt_voltage_mV,bus_voltage_V,current_mA,power_mW,workload_state,status
0,0.437500,5.071250,43.750,221.250,0,OK
14,0.327500,5.088750,32.750,166.250,0,OK
34,0.335000,5.088750,32.500,166.250,0,OK
54,0.325000,5.090000,32.750,166.250,0,OK
74,0.327500,5.090000,32.500,166.250,0,OK
94,0.327500,5.090000,32.750,166.250,0,OK
114,0.327500,5.087500,32.750,166.250,0,OK
134,0.327500,5.090000,32.750,166.250,0,OK
154,0.325000,5.091250,32.500,166.250,0,OK
174,0.327500,5.088750,32.750,166.250,0,OK
194,0.325000,5.090000,32.500,166.250,0,OK
214,0.330000,5.091250,32.500,166.250,0,OK
234,0.327500,5.088750,32.750,166.250,0,OK
254,0.327500,5.088750,32.750,166.250,0,OK
274,0.325000,5.090000,32.500,166.250,0,OK
294,0.327500,5.090000,32.750,166.250,0,OK
314,0.327500,5.090000,32.750,166.250,0,OK
334,0.325000,5.090000,32.500,166.250,0,OK
354,0.327500,5.088750,32.750,166.250,0,OK
374,0.327500,5.090000,32.750,166.250,0,OK
394,0.327500,5.088750,32.750,166.250,0,OK
414,0.330000,5.090000,32.500,166.250,0,OK
434,0.325000,5.090000,32.500,166.250,0,OK
454,0.327500,5.086250,32.750,166.250,0,OK
474,0.325000,5.091250,32.500,166.250,0,OK
494,0.327500,5.090000,32.750,166.250,0,OK
514,0.327500,5.090000,32.750,166.250,0,OK
534,0.327500,5.091250,32.750,166.250,0,OK
554,0.332500,5.091250,32.750,166.250,0,OK
574,0.325000,5.091250,32.750,166.250,0,OK
594,0.327500,5.090000,32.750,166.250,0,OK
614,0.327500,5.091250,32.750,166.250,0,OK
634,0.330000,5.087500,33.000,167.500,0,OK
654,0.325000,5.091250,32.500,166.250,0,OK
674,0.325000,5.090000,32.500,166.250,0,OK
694,0.327500,5.090000,32.750,166.250,0,OK
714,0.327500,5.091250,32.750,166.250,0,OK
734,0.327500,5.090000,32.750,166.250,0,OK
754,0.327500,5.090000,32.750,166.250,0,OK
774,0.327500,5.090000,32.750,166.250,0,OK
794,0.327500,5.086250,32.750,166.250,0,OK
814,0.327500,5.090000,32.750,166.250,0,OK
834,0.327500,5.090000,32.750,166.250,0,OK
854,0.325000,5.090000,32.500,166.250,0,OK
874,0.325000,5.090000,32.500,166.250,0,OK
894,0.327500,5.090000,32.750,166.250,0,OK
914,0.327500,5.090000,32.750,166.250,0,OK
934,0.327500,5.090000,33.000,167.500,0,OK
954,0.325000,5.090000,33.000,166.250,0,OK
974,0.325000,5.088750,32.500,166.250,0,OK
994,0.327500,5.091250,32.750,166.250,0,OK
1014,0.325000,5.090000,32.500,166.250,0,OK
1034,0.325000,5.091250,32.500,166.250,0,OK
1054,0.325000,5.091250,32.500,166.250,0,OK
1074,0.327500,5.090000,32.750,166.250,0,OK
1094,0.327500,5.090000,32.500,166.250,0,OK
1114,0.327500,5.091250,32.750,166.250,0,OK
1134,0.327500,5.091250,32.750,166.250,0,OK
1154,0.327500,5.087500,32.750,166.250,0,OK
1174,0.327500,5.091250,32.750,166.250,0,OK
1194,0.327500,5.090000,32.750,166.250,0,OK
1214,0.327500,5.090000,32.750,166.250,0,OK
1234,0.330000,5.088750,33.000,167.500,0,OK
1254,0.330000,5.091250,32.500,166.250,0,OK
1274,0.327500,5.088750,32.500,166.250,0,OK
1294,0.327500,5.091250,32.750,166.250,0,OK
1314,0.325000,5.085000,32.500,166.250,0,OK
1334,0.327500,5.091250,32.750,166.250,0,OK
1354,0.327500,5.091250,32.750,166.250,0,OK
1374,0.327500,5.088750,32.750,166.250,0,OK
1394,0.327500,5.090000,32.750,166.250,0,OK
1414,0.332500,5.091250,32.750,166.250,0,OK
1434,0.327500,5.088750,33.000,167.500,0,OK
1454,0.327500,5.091250,32.500,166.250,0,OK
1474,0.327500,5.091250,32.750,166.250,0,OK
1494,0.327500,5.086250,32.750,166.250,0,OK
1514,0.325000,5.090000,32.500,166.250,0,OK
1534,0.325000,5.090000,32.500,166.250,0,OK
1554,0.327500,5.088750,32.750,166.250,0,OK
1574,0.325000,5.090000,32.500,166.250,0,OK
1594,0.327500,5.090000,32.750,166.250,0,OK
1614,0.327500,5.091250,32.250,163.750,0,OK
1634,0.330000,5.091250,32.750,167.500,0,OK
1654,0.327500,5.091250,32.750,166.250,0,OK
1674,0.327500,5.090000,32.750,166.250,0,OK
1694,0.327500,5.091250,32.750,166.250,0,OK
1714,0.327500,5.090000,32.750,166.250,0,OK
1734,0.327500,5.088750,32.750,166.250,0,OK
1754,0.325000,5.090000,32.500,166.250,0,OK
1774,0.327500,5.088750,32.750,166.250,0,OK
1794,0.325000,5.090000,32.750,166.250,0,OK
1814,0.327500,5.091250,32.500,166.250,0,OK
1834,0.327500,5.086250,32.750,166.250,0,OK
1854,0.330000,5.088750,33.000,167.500,0,OK
1874,0.322500,5.091250,32.250,163.750,0,OK
1894,0.327500,5.090000,32.750,166.250,0,OK
1914,0.327500,5.090000,32.750,166.250,0,OK
1934,0.330000,5.090000,32.250,163.750,0,OK
1954,0.325000,5.090000,32.500,166.250,0,OK
1974,0.327500,5.090000,32.500,166.250,0,OK
1994,0.330000,5.091250,33.000,167.500,0,OK
2014,0.325000,5.088750,32.500,166.250,0,OK
2034,0.325000,5.090000,32.500,166.250,0,OK
2054,0.325000,5.091250,32.500,166.250,0,OK
2074,0.327500,5.091250,32.750,166.250,0,OK
2094,0.327500,5.090000,32.750,166.250,0,OK
2114,0.327500,5.091250,32.750,166.250,0,OK
2134,0.327500,5.090000,32.750,166.250,0,OK
2154,0.325000,5.090000,32.750,166.250,0,OK
2174,0.330000,5.085000,33.000,167.500,0,OK
2194,0.322500,5.088750,32.250,163.750,0,OK
2214,0.327500,5.090000,32.750,166.250,0,OK
2234,0.327500,5.090000,32.750,166.250,0,OK
2254,0.327500,5.090000,32.750,166.250,0,OK
2274,0.337500,5.090000,32.750,166.250,0,OK
2294,0.327500,5.091250,32.750,166.250,0,OK
2314,0.330000,5.091250,32.750,166.250,0,OK
2334,0.327500,5.090000,32.750,166.250,0,OK
2354,0.330000,5.088750,33.000,167.500,0,OK
2374,0.327500,5.090000,32.750,166.250,0,OK
2394,0.327500,5.090000,32.750,166.250,0,OK
2414,0.327500,5.090000,32.750,166.250,0,OK
2434,0.327500,5.090000,32.750,166.250,0,OK
2454,0.327500,5.088750,32.750,166.250,0,OK
2474,0.327500,5.090000,32.500,166.250,0,OK
2494,0.327500,5.090000,33.000,166.250,0,OK
2514,0.327500,5.090000,32.750,166.250,0,OK
2534,0.325000,5.088750,32.500,166.250,0,OK
2554,0.325000,5.090000,32.500,166.250,0,OK
2574,0.325000,5.090000,32.500,166.250,0,OK
2594,0.327500,5.090000,32.750,166.250,0,OK
2614,0.327500,5.091250,32.750,166.250,0,OK
2634,0.327500,5.090000,33.000,167.500,0,OK
2654,0.327500,5.090000,32.750,166.250,0,OK
2674,0.327500,5.088750,32.750,166.250,0,OK
2694,0.330000,5.086250,33.000,167.500,0,OK
2714,0.327500,5.088750,32.750,166.250,0,OK
2734,0.330000,5.090000,33.000,167.500,0,OK
2754,0.325000,5.090000,32.500,166.250,0,OK
2774,0.325000,5.090000,32.500,166.250,0,OK
2794,0.330000,5.090000,32.750,166.250,0,OK
2814,0.327500,5.091250,32.500,166.250,0,OK
2834,0.325000,5.090000,32.500,166.250,0,OK
2854,0.327500,5.090000,32.750,166.250,0,OK
2874,0.330000,5.088750,33.000,167.500,0,OK
2894,0.327500,5.091250,32.750,166.250,0,OK
2914,0.325000,5.091250,32.500,166.250,0,OK
2934,0.327500,5.088750,32.750,166.250,0,OK
2954,0.327500,5.088750,32.750,166.250,0,OK
2974,0.327500,5.090000,32.750,166.250,0,OK
2994,0.332500,5.091250,32.500,166.250,0,OK
3014,0.327500,5.090000,32.500,166.250,0,OK
3034,0.327500,5.083750,32.750,166.250,0,OK
3054,0.325000,5.088750,32.500,166.250,0,OK
3074,0.327500,5.090000,32.750,166.250,0,OK
3094,0.327500,5.090000,32.750,166.250,0,OK
3114,0.325000,5.091250,32.500,166.250,0,OK
3134,0.322500,5.088750,32.250,163.750,0,OK
3154,0.327500,5.090000,33.000,167.500,0,OK
3174,0.330000,5.090000,32.750,166.250,0,OK
3194,0.327500,5.090000,33.000,166.250,0,OK
3214,0.327500,5.086250,32.750,166.250,0,OK
3234,0.327500,5.090000,32.750,166.250,0,OK
3254,0.327500,5.091250,32.750,166.250,0,OK
3274,0.330000,5.091250,33.000,167.500,0,OK
3294,0.330000,5.090000,33.000,167.500,0,OK
3314,0.327500,5.091250,32.750,166.250,0,OK
3334,0.327500,5.088750,32.500,166.250,0,OK
3354,0.327500,5.090000,32.500,166.250,0,OK
3374,0.325000,5.090000,32.500,166.250,0,OK
3394,0.325000,5.088750,32.500,166.250,0,OK
3414,0.327500,5.090000,32.750,166.250,0,OK
3434,0.327500,5.091250,32.750,166.250,0,OK
3454,0.327500,5.091250,32.750,166.250,0,OK
3474,0.325000,5.090000,32.500,166.250,0,OK
3494,0.327500,5.090000,33.000,167.500,0,OK
3514,0.330000,5.088750,32.750,166.250,0,OK
3534,0.325000,5.090000,33.000,166.250,0,OK
3554,0.327500,5.086250,32.750,166.250,0,OK
3574,0.327500,5.088750,32.750,166.250,0,OK
3594,0.330000,5.090000,33.000,167.500,0,OK
3614,0.327500,5.090000,32.750,166.250,0,OK
3634,0.327500,5.091250,32.750,166.250,0,OK
3654,0.332500,5.090000,32.500,166.250,0,OK
3674,0.330000,5.090000,32.750,166.250,0,OK
3694,0.325000,5.090000,33.000,166.250,0,OK
3714,0.327500,5.088750,32.750,166.250,0,OK
3734,0.327500,5.086250,32.750,166.250,0,OK
3754,0.325000,5.088750,32.500,166.250,0,OK
3774,0.327500,5.088750,32.750,166.250,0,OK
3794,0.325000,5.088750,32.500,166.250,0,OK
3814,0.325000,5.090000,32.500,166.250,0,OK
3834,0.327500,5.091250,32.500,166.250,0,OK
3854,0.330000,5.088750,32.750,166.250,0,OK
3874,0.325000,5.088750,32.750,166.250,0,OK
3894,0.327500,5.090000,32.750,166.250,0,OK
3914,0.327500,5.088750,32.750,166.250,0,OK
3934,0.330000,5.090000,33.000,167.500,0,OK
3954,0.325000,5.088750,32.500,166.250,0,OK
3974,0.325000,5.091250,32.500,166.250,0,OK
3994,0.327500,5.090000,32.750,166.250,0,OK
4014,0.325000,5.088750,32.250,163.750,0,OK
4034,0.330000,5.088750,32.500,166.250,0,OK
4054,0.330000,5.090000,32.750,167.500,0,OK
4074,0.327500,5.085000,32.750,166.250,0,OK
4094,0.322500,5.090000,32.250,163.750,0,OK
4114,0.327500,5.090000,32.750,166.250,0,OK
4134,0.327500,5.090000,32.750,166.250,0,OK
4154,0.327500,5.090000,32.750,166.250,0,OK
4174,0.332500,5.088750,32.750,166.250,0,OK
4194,0.327500,5.091250,32.750,166.250,0,OK
4214,0.330000,5.090000,33.000,167.500,0,OK
4234,0.330000,5.090000,33.000,167.500,0,OK
4254,0.327500,5.088750,32.750,166.250,0,OK
4274,0.325000,5.090000,32.500,166.250,0,OK
4294,0.327500,5.088750,32.750,166.250,0,OK
4314,0.327500,5.088750,32.750,166.250,0,OK
4334,0.327500,5.088750,32.750,166.250,0,OK
4354,0.330000,5.091250,32.750,166.250,0,OK
4374,0.325000,5.091250,32.750,166.250,0,OK
4394,0.330000,5.090000,32.750,167.500,0,OK
4414,0.327500,5.085000,32.750,166.250,0,OK
4434,0.327500,5.088750,32.750,166.250,0,OK
4454,0.325000,5.088750,32.500,166.250,0,OK
4474,0.327500,5.090000,32.750,166.250,0,OK
4494,0.327500,5.090000,32.750,166.250,0,OK
4514,0.327500,5.088750,32.750,166.250,0,OK
4534,0.327500,5.088750,32.500,166.250,0,OK
4554,0.327500,5.090000,32.750,166.250,0,OK
4574,0.327500,5.088750,32.500,166.250,0,OK
4594,0.325000,5.087500,32.500,166.250,0,OK
4614,0.325000,5.090000,32.500,166.250,0,OK
4634,0.327500,5.088750,32.750,166.250,0,OK
4654,0.325000,5.088750,32.500,166.250,0,OK
4674,0.327500,5.088750,32.750,166.250,0,OK
4694,0.327500,5.090000,32.500,166.250,0,OK
4714,0.330000,5.090000,32.750,166.250,0,OK
4734,0.330000,5.087500,32.250,167.500,0,OK
4754,0.327500,5.088750,32.750,166.250,0,OK
4774,0.327500,5.088750,32.750,166.250,0,OK
4794,0.327500,5.090000,32.750,166.250,0,OK
4814,0.327500,5.088750,32.750,166.250,0,OK
4834,0.325000,5.088750,32.500,166.250,0,OK
4854,0.327500,5.088750,32.750,166.250,0,OK
4874,0.327500,5.088750,32.750,166.250,0,OK
4894,0.327500,5.090000,32.750,166.250,0,OK
4914,0.327500,5.090000,32.500,166.250,0,OK
4934,0.327500,5.085000,32.750,166.250,0,OK
4954,0.325000,5.090000,32.500,166.250,0,OK
4974,0.330000,5.088750,33.000,167.500,0,OK
4994,0.327500,5.088750,32.750,166.250,0,OK
5014,0.330000,5.088750,33.000,167.500,0,OK
5034,0.332500,5.088750,32.750,166.250,0,OK
5054,0.327500,5.091250,32.500,166.250,0,OK
5074,0.330000,5.090000,32.750,167.500,0,OK
5094,0.327500,5.088750,32.750,166.250,0,OK
5114,0.327500,5.087500,32.750,166.250,0,OK
5134,0.327500,5.088750,32.750,166.250,0,OK
5154,0.325000,5.088750,32.500,166.250,0,OK
5174,0.327500,5.090000,32.750,166.250,0,OK
5194,0.325000,5.090000,32.500,166.250,0,OK
5214,0.327500,5.090000,32.750,166.250,0,OK
5234,0.327500,5.090000,32.750,166.250,0,OK
5254,0.327500,5.090000,33.000,166.250,0,OK
5274,0.327500,5.088750,32.750,166.250,0,OK
5294,0.327500,5.088750,32.750,166.250,0,OK
5314,0.327500,5.090000,32.750,166.250,0,OK
5334,0.327500,5.088750,32.750,166.250,0,OK
5354,0.327500,5.090000,32.750,166.250,0,OK
5374,0.327500,5.090000,32.750,166.250,0,OK
5394,0.330000,5.090000,32.750,166.250,0,OK
5414,0.327500,5.090000,32.500,166.250,0,OK
5434,0.327500,5.088750,32.500,166.250,0,OK
5454,0.330000,5.083750,33.000,167.500,0,OK
5474,0.327500,5.090000,32.750,166.250,0,OK
5494,0.327500,5.090000,32.750,166.250,0,OK
5514,0.330000,5.088750,33.000,167.500,0,OK
5534,0.327500,5.090000,32.750,166.250,0,OK
5554,0.327500,5.090000,32.500,166.250,0,OK
5574,0.325000,5.088750,32.750,166.250,0,OK
5594,0.327500,5.090000,32.750,166.250,0,OK
5614,0.327500,5.090000,32.750,166.250,0,OK
5634,0.325000,5.086250,32.500,166.250,0,OK
5654,0.325000,5.090000,32.500,166.250,0,OK
5674,0.325000,5.091250,32.500,166.250,0,OK
5694,0.327500,5.088750,32.750,166.250,0,OK
5714,0.327500,5.090000,32.750,166.250,0,OK
5734,0.327500,5.088750,32.500,166.250,0,OK
5754,0.327500,5.088750,32.750,166.250,0,OK
5774,0.327500,5.088750,32.750,166.250,0,OK
5794,0.330000,5.083750,33.000,167.500,0,OK
5814,0.325000,5.088750,32.500,166.250,0,OK
5834,0.327500,5.088750,32.750,166.250,0,OK
5854,0.327500,5.088750,32.750,166.250,0,OK
5874,0.325000,5.090000,32.500,166.250,0,OK
5894,0.335000,5.090000,33.000,167.500,0,OK
5914,0.327500,5.090000,32.750,166.250,0,OK
5934,0.327500,5.090000,32.750,166.250,0,OK
5954,0.327500,5.088750,32.750,166.250,0,OK
5974,0.327500,5.086250,32.750,166.250,0,OK
5994,0.330000,5.090000,33.000,167.500,0,OK
6014,0.327500,5.088750,32.750,166.250,0,OK
6034,0.327500,5.090000,32.750,166.250,0,OK
6054,0.327500,5.088750,32.750,166.250,0,OK
6074,0.327500,5.088750,32.750,166.250,0,OK
6094,0.327500,5.090000,32.750,166.250,0,OK
6114,0.325000,5.090000,33.000,166.250,0,OK
6134,0.327500,5.090000,32.750,166.250,0,OK
6154,0.327500,5.087500,32.750,166.250,0,OK
6174,0.327500,5.090000,32.750,166.250,0,OK
6194,0.327500,5.091250,32.750,166.250,0,OK
6214,0.327500,5.088750,32.750,166.250,0,OK
6234,0.327500,5.088750,32.750,166.250,0,OK
6254,0.325000,5.088750,32.750,166.250,0,OK
6274,0.327500,5.090000,33.000,167.500,0,OK
6294,0.330000,5.090000,32.500,167.500,0,OK
6314,0.327500,5.086250,32.750,166.250,0,OK
6334,0.325000,5.088750,32.500,166.250,0,OK
6354,0.330000,5.090000,33.000,167.500,0,OK
6374,0.327500,5.088750,32.750,166.250,0,OK
6394,0.327500,5.090000,32.750,166.250,0,OK
6414,0.330000,5.090000,32.750,166.250,0,OK
6434,0.327500,5.088750,32.750,166.250,0,OK
6454,0.327500,5.088750,32.750,166.250,0,OK
6474,0.327500,5.090000,32.750,166.250,0,OK
6494,0.327500,5.086250,32.750,166.250,0,OK
6514,0.327500,5.088750,32.750,166.250,0,OK
6534,0.327500,5.088750,32.750,166.250,0,OK
6554,0.327500,5.090000,32.750,166.250,0,OK
6574,0.327500,5.090000,32.750,166.250,0,OK
6594,0.327500,5.090000,32.500,166.250,0,OK
6614,0.325000,5.088750,33.000,167.500,0,OK
6634,0.327500,5.090000,32.750,166.250,0,OK
6654,0.327500,5.083750,32.750,166.250,0,OK
6674,0.330000,5.088750,33.000,167.500,0,OK
6694,0.325000,5.091250,32.500,166.250,0,OK
6714,0.327500,5.088750,32.750,166.250,0,OK
6734,0.327500,5.090000,32.750,166.250,0,OK
6754,0.330000,5.088750,33.000,167.500,0,OK
6774,0.327500,5.090000,32.750,166.250,0,OK
6794,0.322500,5.091250,32.750,166.250,0,OK
6814,0.327500,5.090000,32.750,166.250,0,OK
6834,0.327500,5.086250,32.750,166.250,0,OK
6854,0.330000,5.090000,33.000,167.500,0,OK
6874,0.327500,5.090000,32.750,166.250,0,OK
6894,0.327500,5.088750,32.750,166.250,0,OK
6914,0.330000,5.091250,33.000,167.500,0,OK
6934,0.325000,5.088750,32.750,166.250,0,OK
6954,0.327500,5.090000,32.750,166.250,0,OK
6974,0.327500,5.088750,32.750,166.250,0,OK
6994,0.330000,5.088750,33.000,167.500,0,OK
7014,0.327500,5.088750,32.750,166.250,0,OK
7034,0.327500,5.090000,32.750,166.250,0,OK
7054,0.325000,5.088750,32.500,166.250,0,OK
7074,0.330000,5.088750,33.000,167.500,0,OK
7094,0.330000,5.088750,33.000,167.500,0,OK
7114,0.330000,5.090000,32.750,166.250,0,OK
7134,0.327500,5.088750,32.750,166.250,0,OK
7154,0.327500,5.088750,32.250,166.250,0,OK
7174,0.325000,5.083750,32.500,166.250,0,OK
7194,0.325000,5.088750,32.500,166.250,0,OK
7214,0.327500,5.090000,32.750,166.250,0,OK
7234,0.327500,5.090000,32.750,166.250,0,OK
7254,0.327500,5.090000,32.750,166.250,0,OK
7274,0.335000,5.090000,33.000,167.500,0,OK
7294,0.327500,5.090000,32.750,166.250,0,OK
7314,0.327500,5.088750,33.000,166.250,0,OK
7334,0.327500,5.090000,32.750,166.250,0,OK
7354,0.327500,5.086250,32.750,166.250,0,OK
7374,0.330000,5.090000,33.000,167.500,0,OK
7394,0.330000,5.088750,33.000,167.500,0,OK
7414,0.325000,5.090000,32.500,166.250,0,OK
7434,0.327500,5.091250,32.750,166.250,0,OK
7454,0.330000,5.091250,32.750,166.250,0,OK
7474,0.327500,5.090000,32.500,166.250,0,OK
7494,0.325000,5.091250,32.750,166.250,0,OK
7514,0.327500,5.090000,32.750,166.250,0,OK
7534,0.327500,5.088750,32.750,166.250,0,OK
7554,0.327500,5.088750,32.750,166.250,0,OK
7574,0.325000,5.090000,32.500,166.250,0,OK
7594,0.327500,5.090000,32.750,166.250,0,OK
7614,0.325000,5.091250,32.500,166.250,0,OK
7634,0.325000,5.090000,33.000,167.500,0,OK
7654,0.330000,5.090000,32.500,166.250,0,OK
7674,0.330000,5.090000,32.500,167.500,0,OK
7694,0.330000,5.086250,33.000,167.500,0,OK
7714,0.327500,5.091250,32.750,166.250,0,OK
7734,0.325000,5.090000,32.500,166.250,0,OK
7754,0.327500,5.090000,32.750,166.250,0,OK
7774,0.327500,5.091250,32.750,166.250,0,OK
7794,0.330000,5.090000,33.000,167.500,0,OK
7814,0.327500,5.091250,32.750,166.250,0,OK
7834,0.325000,5.090000,32.750,166.250,0,OK
7854,0.330000,5.090000,33.000,167.500,0,OK
7874,0.330000,5.088750,33.000,167.500,0,OK
7894,0.330000,5.088750,33.000,167.500,0,OK
7914,0.325000,5.091250,32.500,166.250,0,OK
7934,0.325000,5.088750,32.500,166.250,0,OK
7954,0.327500,5.090000,32.750,166.250,0,OK
7974,0.327500,5.090000,32.750,166.250,0,OK
7994,0.327500,5.090000,32.500,166.250,0,OK
8014,0.327500,5.091250,32.750,166.250,0,OK
8034,0.327500,5.085000,32.750,166.250,0,OK
8054,0.330000,5.091250,33.000,167.500,0,OK
8074,0.325000,5.088750,32.500,166.250,0,OK
8094,0.327500,5.090000,32.750,166.250,0,OK
8114,0.327500,5.091250,32.750,166.250,0,OK
8134,0.330000,5.090000,33.000,167.500,0,OK
8154,0.330000,5.088750,32.750,166.250,0,OK
8174,0.325000,5.088750,32.750,166.250,0,OK
8194,0.327500,5.090000,32.750,166.250,0,OK
8214,0.327500,5.087500,32.750,166.250,0,OK
8234,0.327500,5.090000,32.750,166.250,0,OK
8254,0.327500,5.091250,32.750,166.250,0,OK
8274,0.327500,5.090000,32.750,166.250,0,OK
8294,0.325000,5.090000,32.500,166.250,0,OK
8314,0.327500,5.090000,32.750,166.250,0,OK
8334,0.327500,5.090000,32.750,166.250,0,OK
8354,0.327500,5.090000,32.500,166.250,0,OK
8374,0.327500,5.090000,32.750,166.250,0,OK
8394,0.325000,5.088750,32.500,166.250,0,OK
8414,0.325000,5.090000,32.500,166.250,0,OK
8434,0.330000,5.090000,33.000,167.500,0,OK
8454,0.327500,5.090000,32.750,166.250,0,OK
8474,0.325000,5.090000,32.500,166.250,0,OK
8494,0.327500,5.090000,32.500,166.250,0,OK
8514,0.327500,5.090000,32.750,166.250,0,OK
8534,0.325000,5.088750,32.750,166.250,0,OK
8554,0.330000,5.086250,33.000,167.500,0,OK
8574,0.327500,5.090000,32.750,166.250,0,OK
8594,0.327500,5.091250,32.750,166.250,0,OK
8614,0.330000,5.091250,33.000,167.500,0,OK
8634,0.327500,5.091250,32.750,166.250,0,OK
8654,0.335000,5.090000,32.750,166.250,0,OK
8674,0.327500,5.090000,32.750,166.250,0,OK
8694,0.327500,5.091250,32.500,166.250,0,OK
8714,0.325000,5.090000,32.500,166.250,0,OK
8734,0.327500,5.088750,32.750,166.250,0,OK
8754,0.327500,5.090000,32.750,166.250,0,OK
8774,0.327500,5.091250,32.750,166.250,0,OK
8794,0.325000,5.090000,32.500,166.250,0,OK
8814,0.325000,5.090000,32.500,166.250,0,OK
8834,0.325000,5.091250,32.500,166.250,0,OK
8854,0.325000,5.090000,32.750,166.250,0,OK
8874,0.330000,5.090000,32.500,167.500,0,OK
8894,0.327500,5.090000,32.750,166.250,0,OK
8914,0.327500,5.088750,32.750,166.250,0,OK
8934,0.327500,5.091250,32.750,166.250,0,OK
8954,0.327500,5.090000,32.750,166.250,0,OK
8974,0.327500,5.090000,32.750,166.250,0,OK
8994,0.327500,5.090000,32.750,166.250,0,OK
9014,0.330000,5.090000,32.750,166.250,0,OK
9034,0.327500,5.091250,32.500,166.250,0,OK
9054,0.325000,5.090000,32.750,166.250,0,OK
9074,0.330000,5.086250,33.000,167.500,0,OK
9094,0.325000,5.091250,32.500,166.250,0,OK
9114,0.327500,5.091250,32.750,166.250,0,OK
9134,0.327500,5.088750,32.750,166.250,0,OK
9154,0.327500,5.090000,32.750,166.250,0,OK
9174,0.327500,5.091250,32.750,166.250,0,OK
9194,0.325000,5.091250,32.750,166.250,0,OK
9214,0.325000,5.090000,32.750,166.250,0,OK
9234,0.327500,5.090000,32.750,166.250,0,OK
9254,0.325000,5.088750,32.500,166.250,0,OK
9274,0.325000,5.090000,32.500,166.250,0,OK
9294,0.327500,5.091250,32.750,166.250,0,OK
9314,0.330000,5.091250,33.000,167.500,0,OK
9334,0.325000,5.088750,32.500,166.250,0,OK
9354,0.327500,5.090000,32.250,163.750,0,OK
9374,0.327500,5.090000,32.500,166.250,0,OK
9394,0.327500,5.091250,32.750,166.250,0,OK
9414,0.327500,5.085000,32.750,166.250,0,OK
9434,0.325000,5.091250,32.500,166.250,0,OK
9454,0.330000,5.090000,33.000,167.500,0,OK
9474,0.327500,5.090000,32.750,166.250,0,OK
9494,0.325000,5.090000,32.500,166.250,0,OK
9514,0.337500,5.090000,32.750,166.250,0,OK
9534,0.330000,5.091250,32.500,166.250,0,OK
9554,0.327500,5.088750,33.000,167.500,0,OK
9574,0.327500,5.090000,32.750,166.250,0,OK
9594,0.327500,5.087500,32.750,166.250,0,OK
9614,0.325000,5.091250,32.500,166.250,0,OK
9634,0.325000,5.091250,32.500,166.250,0,OK
9654,0.325000,5.091250,32.500,166.250,0,OK
9674,0.325000,5.090000,32.500,166.250,0,OK
9694,0.327500,5.090000,32.500,166.250,0,OK
9714,0.327500,5.088750,32.750,166.250,0,OK
9734,0.327500,5.090000,32.750,166.250,0,OK
9754,0.327500,5.090000,32.750,166.250,0,OK
9774,0.327500,5.088750,32.750,166.250,0,OK
9794,0.330000,5.090000,33.000,167.500,0,OK
9814,0.327500,5.090000,32.750,166.250,0,OK
9834,0.325000,5.090000,32.500,166.250,0,OK
9854,0.330000,5.090000,33.000,167.500,0,OK
9874,0.327500,5.091250,32.750,166.250,0,OK
9894,0.327500,5.091250,32.750,166.250,0,OK
9914,0.327500,5.091250,32.750,166.250,0,OK
9934,0.327500,5.085000,32.750,166.250,0,OK
9954,0.327500,5.088750,32.750,166.250,0,OK
9974,0.330000,5.091250,33.000,167.500,0,OK
9994,0.327500,5.090000,32.750,166.250,0,OK
10014,0.427500,5.073750,42.750,217.500,1,OK
10034,0.437500,5.073750,43.000,218.750,1,OK
10054,0.432500,5.073750,43.000,218.750,1,OK
10074,0.432500,5.073750,43.500,218.750,1,OK
10094,0.430000,5.075000,43.000,217.500,1,OK
10114,0.432500,5.072500,43.250,218.750,1,OK
10134,0.435000,5.073750,43.500,221.250,1,OK
10154,0.435000,5.073750,43.500,221.250,1,OK
10174,0.430000,5.073750,43.000,218.750,1,OK
10194,0.432500,5.073750,43.250,218.750,1,OK
10214,0.435000,5.073750,43.000,218.750,1,OK
10234,0.430000,5.075000,43.500,221.250,1,OK
10254,0.432500,5.073750,43.250,218.750,1,OK
10274,0.432500,5.070000,43.250,218.750,1,OK
10294,0.432500,5.075000,43.250,218.750,1,OK
10314,0.432500,5.073750,43.250,218.750,1,OK
10334,0.430000,5.073750,43.000,218.750,1,OK
10354,0.432500,5.073750,43.250,218.750,1,OK
10374,0.432500,5.073750,43.250,218.750,1,OK
10394,0.432500,5.075000,43.250,218.750,1,OK
10414,0.432500,5.073750,43.000,218.750,1,OK
10434,0.430000,5.075000,43.000,217.500,1,OK
10454,0.435000,5.070000,43.500,221.250,1,OK
10474,0.430000,5.073750,43.000,218.750,1,OK
10494,0.432500,5.073750,43.250,218.750,1,OK
10514,0.430000,5.075000,43.000,218.750,1,OK
10534,0.430000,5.073750,43.000,218.750,1,OK
10554,0.435000,5.075000,43.500,221.250,1,OK
10574,0.430000,5.073750,43.000,218.750,1,OK
10594,0.430000,5.073750,43.250,217.500,1,OK
10614,0.432500,5.073750,43.250,218.750,1,OK
10634,0.432500,5.072500,43.250,218.750,1,OK
10654,0.432500,5.072500,43.250,218.750,1,OK
10674,0.432500,5.075000,43.250,218.750,1,OK
10694,0.432500,5.073750,43.250,218.750,1,OK
10714,0.432500,5.075000,43.250,218.750,1,OK
10734,0.432500,5.075000,43.250,218.750,1,OK
10754,0.432500,5.072500,43.250,218.750,1,OK
10774,0.430000,5.073750,43.250,217.500,1,OK
10794,0.435000,5.070000,43.500,221.250,1,OK
10814,0.432500,5.073750,43.250,218.750,1,OK
10834,0.432500,5.075000,43.250,218.750,1,OK
10854,0.432500,5.072500,43.250,218.750,1,OK
10874,0.435000,5.076250,43.500,221.250,1,OK
10894,0.440000,5.075000,43.250,218.750,1,OK
10914,0.432500,5.073750,43.000,218.750,1,OK
10934,0.435000,5.075000,43.250,221.250,1,OK
10954,0.432500,5.073750,43.250,218.750,1,OK
10974,0.435000,5.072500,43.500,221.250,1,OK
10994,0.430000,5.075000,43.000,218.750,1,OK
11014,0.432500,5.075000,43.250,218.750,1,OK
11034,0.432500,5.073750,43.250,218.750,1,OK
11054,0.432500,5.075000,43.250,218.750,1,OK
11074,0.430000,5.075000,43.000,218.750,1,OK
11094,0.432500,5.076250,43.250,218.750,1,OK
11114,0.432500,5.073750,43.250,218.750,1,OK
11134,0.432500,5.068750,43.250,218.750,1,OK
11154,0.430000,5.073750,43.000,218.750,1,OK
11174,0.432500,5.075000,43.250,218.750,1,OK
11194,0.430000,5.073750,43.000,218.750,1,OK
11214,0.435000,5.075000,43.500,221.250,1,OK
11234,0.432500,5.075000,43.250,218.750,1,OK
11254,0.432500,5.073750,43.250,218.750,1,OK
11274,0.432500,5.073750,43.250,218.750,1,OK
11294,0.430000,5.073750,43.000,217.500,1,OK
11314,0.432500,5.070000,43.250,218.750,1,OK
11334,0.432500,5.075000,43.250,218.750,1,OK
11354,0.432500,5.075000,43.250,218.750,1,OK
11374,0.432500,5.075000,43.250,218.750,1,OK
11394,0.432500,5.073750,43.250,218.750,1,OK
11414,0.435000,5.075000,43.250,218.750,1,OK
11434,0.432500,5.073750,43.500,221.250,1,OK
11454,0.432500,5.075000,43.000,218.750,1,OK
11474,0.427500,5.075000,42.750,217.500,1,OK
11494,0.430000,5.072500,43.000,218.750,1,OK
11514,0.432500,5.073750,43.250,218.750,1,OK
11534,0.432500,5.075000,43.250,218.750,1,OK
11554,0.435000,5.075000,43.500,221.250,1,OK
11574,0.430000,5.076250,43.000,218.750,1,OK
11594,0.432500,5.073750,43.500,221.250,1,OK
11614,0.432500,5.073750,43.000,218.750,1,OK
11634,0.432500,5.075000,43.250,218.750,1,OK
11654,0.432500,5.070000,43.250,218.750,1,OK
11674,0.430000,5.073750,43.000,218.750,1,OK
11694,0.430000,5.075000,43.000,218.750,1,OK
11714,0.432500,5.073750,43.250,218.750,1,OK
11734,0.432500,5.073750,43.250,218.750,1,OK
11754,0.445000,5.073750,43.000,218.750,1,OK
11774,0.432500,5.073750,43.250,218.750,1,OK
11794,0.432500,5.073750,43.250,218.750,1,OK
11814,0.432500,5.075000,43.250,218.750,1,OK
11834,0.432500,5.070000,43.250,218.750,1,OK
11854,0.432500,5.073750,43.250,218.750,1,OK
11874,0.435000,5.073750,43.500,221.250,1,OK
11894,0.432500,5.073750,43.250,218.750,1,OK
11914,0.432500,5.073750,43.250,218.750,1,OK
11934,0.432500,5.073750,43.250,218.750,1,OK
11954,0.432500,5.073750,43.250,218.750,1,OK
11974,0.432500,5.073750,43.250,218.750,1,OK
11994,0.432500,5.073750,43.250,218.750,1,OK
12014,0.432500,5.072500,43.250,218.750,1,OK
12034,0.435000,5.073750,43.500,221.250,1,OK
12054,0.430000,5.072500,43.000,218.750,1,OK
12074,0.432500,5.073750,43.250,218.750,1,OK
12094,0.432500,5.073750,43.250,218.750,1,OK
12114,0.427500,5.073750,42.750,217.500,1,OK
12134,0.432500,5.073750,43.250,218.750,1,OK
12154,0.432500,5.075000,43.250,218.750,1,OK
12174,0.432500,5.071250,43.250,218.750,1,OK
12194,0.432500,5.073750,43.250,218.750,1,OK
12214,0.432500,5.075000,43.250,218.750,1,OK
12234,0.432500,5.075000,43.250,218.750,1,OK
12254,0.432500,5.073750,43.250,218.750,1,OK
12274,0.437500,5.075000,43.500,221.250,1,OK
12294,0.432500,5.073750,43.000,218.750,1,OK
12314,0.432500,5.075000,43.000,218.750,1,OK
12334,0.435000,5.075000,43.500,221.250,1,OK
12354,0.432500,5.071250,43.250,218.750,1,OK
12374,0.432500,5.073750,43.250,218.750,1,OK
12394,0.430000,5.075000,43.000,218.750,1,OK
12414,0.432500,5.073750,43.250,218.750,1,OK
12434,0.432500,5.073750,43.250,218.750,1,OK
12454,0.430000,5.073750,43.500,221.250,1,OK
12474,0.435000,5.073750,43.250,218.750,1,OK
12494,0.432500,5.073750,43.000,218.750,1,OK
12514,0.432500,5.070000,43.250,218.750,1,OK
12534,0.432500,5.075000,43.250,218.750,1,OK
12554,0.432500,5.073750,43.250,218.750,1,OK
12574,0.430000,5.075000,43.000,218.750,1,OK
12594,0.430000,5.073750,43.000,218.750,1,OK
12614,0.435000,5.075000,43.500,221.250,1,OK
12634,0.432500,5.075000,43.000,218.750,1,OK
12654,0.430000,5.073750,43.500,217.500,1,OK
12674,0.432500,5.073750,43.250,218.750,1,OK
12694,0.435000,5.071250,43.500,221.250,1,OK
12714,0.432500,5.075000,43.250,218.750,1,OK
12734,0.427500,5.075000,42.750,217.500,1,OK
12754,0.432500,5.073750,43.250,218.750,1,OK
12774,0.432500,5.073750,43.250,218.750,1,OK
12794,0.432500,5.073750,43.250,218.750,1,OK
12814,0.430000,5.075000,43.000,218.750,1,OK
12834,0.432500,5.073750,43.000,218.750,1,OK
12854,0.432500,5.073750,43.250,218.750,1,OK
12874,0.432500,5.072500,43.250,218.750,1,OK
12894,0.432500,5.073750,43.250,218.750,1,OK
12914,0.432500,5.073750,43.250,218.750,1,OK
12934,0.430000,5.073750,43.000,218.750,1,OK
12954,0.427500,5.073750,42.750,217.500,1,OK
12974,0.432500,5.076250,43.500,221.250,1,OK
12994,0.432500,5.075000,43.250,218.750,1,OK
13014,0.432500,5.073750,43.000,218.750,1,OK
13034,0.430000,5.068750,43.000,217.500,1,OK
13054,0.430000,5.073750,43.000,218.750,1,OK
13074,0.430000,5.075000,43.000,218.750,1,OK
13094,0.430000,5.073750,43.000,218.750,1,OK
13114,0.432500,5.075000,43.250,218.750,1,OK
13134,0.440000,5.073750,43.000,218.750,1,OK
13154,0.430000,5.075000,43.500,221.250,1,OK
13174,0.432500,5.075000,43.250,218.750,1,OK
13194,0.432500,5.075000,43.250,218.750,1,OK
13214,0.430000,5.072500,43.000,218.750,1,OK
13234,0.430000,5.073750,43.000,218.750,1,OK
13254,0.432500,5.073750,43.250,218.750,1,OK
13274,0.435000,5.073750,43.500,221.250,1,OK
13294,0.432500,5.072500,43.250,218.750,1,OK
13314,0.432500,5.075000,43.500,221.250,1,OK
13334,0.430000,5.073750,43.500,221.250,1,OK
13354,0.432500,5.075000,43.250,218.750,1,OK
13374,0.430000,5.073750,43.000,217.500,1,OK
13394,0.435000,5.073750,43.500,221.250,1,OK
13414,0.432500,5.075000,43.250,218.750,1,OK
13434,0.430000,5.073750,43.000,218.750,1,OK
13454,0.432500,5.075000,43.250,218.750,1,OK
13474,0.432500,5.075000,43.250,218.750,1,OK
13494,0.430000,5.073750,43.250,218.750,1,OK
13514,0.432500,5.073750,43.000,218.750,1,OK
13534,0.432500,5.075000,43.250,218.750,1,OK
13554,0.432500,5.070000,43.250,218.750,1,OK
13574,0.432500,5.075000,43.250,218.750,1,OK
13594,0.435000,5.073750,43.500,221.250,1,OK
13614,0.430000,5.073750,43.000,218.750,1,OK
13634,0.430000,5.073750,43.000,218.750,1,OK
13654,0.437500,5.072500,42.750,217.500,1,OK
13674,0.432500,5.073750,43.000,218.750,1,OK
13694,0.435000,5.075000,43.000,221.250,1,OK
13714,0.430000,5.075000,43.000,217.500,1,OK
13734,0.432500,5.073750,43.250,218.750,1,OK
13754,0.432500,5.073750,43.250,218.750,1,OK
13774,0.432500,5.073750,43.250,218.750,1,OK
13794,0.432500,5.075000,43.250,218.750,1,OK
13814,0.435000,5.073750,43.500,221.250,1,OK
13834,0.432500,5.073750,43.250,218.750,1,OK
13854,0.430000,5.075000,43.500,221.250,1,OK
13874,0.435000,5.075000,43.000,221.250,1,OK
13894,0.430000,5.068750,43.000,217.500,1,OK
13914,0.432500,5.073750,43.250,218.750,1,OK
13934,0.432500,5.073750,43.250,218.750,1,OK
13954,0.432500,5.073750,43.250,218.750,1,OK
13974,0.430000,5.075000,43.000,218.750,1,OK
13994,0.432500,5.075000,43.250,218.750,1,OK
14014,0.432500,5.073750,43.250,218.750,1,OK
14034,0.432500,5.075000,43.000,218.750,1,OK
14054,0.430000,5.072500,43.000,217.500,1,OK
14074,0.432500,5.072500,43.250,218.750,1,OK
14094,0.435000,5.073750,43.500,221.250,1,OK
14114,0.432500,5.075000,43.250,218.750,1,OK
14134,0.432500,5.073750,43.250,218.750,1,OK
14154,0.432500,5.073750,43.250,218.750,1,OK
14174,0.435000,5.075000,43.250,218.750,1,OK
14194,0.432500,5.073750,43.250,218.750,1,OK
14214,0.430000,5.075000,43.500,217.500,1,OK
14234,0.432500,5.073750,43.250,218.750,1,OK
14254,0.432500,5.072500,43.250,218.750,1,OK
14274,0.432500,5.073750,43.250,218.750,1,OK
14294,0.432500,5.073750,43.250,218.750,1,OK
14314,0.432500,5.072500,43.250,218.750,1,OK
14334,0.432500,5.073750,43.250,218.750,1,OK
14354,0.432500,5.075000,43.000,218.750,1,OK
14374,0.435000,5.075000,43.250,218.750,1,OK
14394,0.432500,5.075000,43.250,218.750,1,OK
14414,0.432500,5.068750,43.250,218.750,1,OK
14434,0.432500,5.073750,43.250,218.750,1,OK
14454,0.432500,5.075000,43.250,218.750,1,OK
14474,0.432500,5.075000,43.250,218.750,1,OK
14494,0.430000,5.073750,43.000,218.750,1,OK
14514,0.440000,5.073750,43.000,218.750,1,OK
14534,0.432500,5.075000,43.000,218.750,1,OK
14554,0.432500,5.073750,43.250,218.750,1,OK
14574,0.432500,5.073750,43.250,218.750,1,OK
14594,0.432500,5.071250,43.250,218.750,1,OK
14614,0.432500,5.073750,43.250,218.750,1,OK
14634,0.432500,5.073750,43.250,218.750,1,OK
14654,0.432500,5.073750,43.250,218.750,1,OK
14674,0.435000,5.075000,43.500,221.250,1,OK
14694,0.430000,5.073750,43.250,218.750,1,OK
14714,0.432500,5.075000,43.000,218.750,1,OK
14734,0.430000,5.075000,42.750,217.500,1,OK
14754,0.432500,5.067500,43.250,218.750,1,OK
14774,0.432500,5.073750,43.250,218.750,1,OK
14794,0.432500,5.073750,43.250,218.750,1,OK
14814,0.432500,5.073750,43.250,218.750,1,OK
14834,0.432500,5.073750,43.250,218.750,1,OK
14854,0.432500,5.075000,43.250,218.750,1,OK
14874,0.432500,5.075000,43.250,218.750,1,OK
14894,0.432500,5.075000,43.000,218.750,1,OK
14914,0.432500,5.075000,43.250,218.750,1,OK
14934,0.430000,5.070000,43.000,217.500,1,OK
14954,0.432500,5.073750,43.250,218.750,1,OK
14974,0.430000,5.075000,43.000,218.750,1,OK
14994,0.430000,5.073750,43.000,218.750,1,OK
15014,0.432500,5.073750,43.250,218.750,1,OK
15034,0.435000,5.075000,43.250,218.750,1,OK
15054,0.432500,5.075000,43.250,218.750,1,OK
15074,0.432500,5.075000,43.500,218.750,1,OK
15094,0.430000,5.073750,43.000,217.500,1,OK
15114,0.432500,5.073750,43.250,218.750,1,OK
15134,0.432500,5.075000,43.250,218.750,1,OK
15154,0.432500,5.073750,43.250,218.750,1,OK
15174,0.435000,5.075000,43.500,221.250,1,OK
15194,0.432500,5.075000,43.250,218.750,1,OK
15214,0.432500,5.075000,43.250,218.750,1,OK
15234,0.435000,5.072500,43.500,221.250,1,OK
15254,0.430000,5.073750,43.000,217.500,1,OK
15274,0.435000,5.070000,43.500,221.250,1,OK
15294,0.435000,5.075000,43.500,221.250,1,OK
15314,0.432500,5.073750,43.250,218.750,1,OK
15334,0.432500,5.073750,43.250,218.750,1,OK
15354,0.432500,5.073750,43.250,218.750,1,OK
15374,0.440000,5.075000,43.250,218.750,1,OK
15394,0.432500,5.075000,43.250,218.750,1,OK
15414,0.432500,5.073750,43.250,218.750,1,OK
15434,0.432500,5.073750,43.250,218.750,1,OK
15454,0.432500,5.070000,43.250,218.750,1,OK
15474,0.435000,5.073750,43.500,221.250,1,OK
15494,0.430000,5.075000,43.000,218.750,1,OK
15514,0.432500,5.075000,43.250,218.750,1,OK
15534,0.430000,5.073750,43.000,218.750,1,OK
15554,0.432500,5.072500,43.000,218.750,1,OK
15574,0.432500,5.075000,43.250,218.750,1,OK
15594,0.430000,5.075000,43.500,217.500,1,OK
15614,0.432500,5.075000,43.250,218.750,1,OK
15634,0.435000,5.073750,43.500,221.250,1,OK
15654,0.432500,5.073750,43.250,218.750,1,OK
15674,0.430000,5.073750,43.000,218.750,1,OK
15694,0.430000,5.075000,43.000,218.750,1,OK
15714,0.430000,5.073750,43.000,218.750,1,OK
15734,0.432500,5.072500,43.000,218.750,1,OK
15754,0.432500,5.075000,43.250,218.750,1,OK
15774,0.432500,5.075000,43.000,218.750,1,OK
15794,0.432500,5.070000,43.250,218.750,1,OK
15814,0.430000,5.075000,43.000,218.750,1,OK
15834,0.435000,5.075000,43.500,221.250,1,OK
15854,0.432500,5.072500,43.250,218.750,1,OK
15874,0.432500,5.075000,43.250,218.750,1,OK
15894,0.437500,5.073750,43.250,218.750,1,OK
15914,0.432500,5.073750,43.250,218.750,1,OK
15934,0.432500,5.075000,43.250,218.750,1,OK
15954,0.432500,5.073750,43.250,218.750,1,OK
15974,0.432500,5.072500,43.250,218.750,1,OK
15994,0.432500,5.073750,43.250,218.750,1,OK
16014,0.435000,5.073750,43.500,221.250,1,OK
16034,0.435000,5.073750,43.500,221.250,1,OK
16054,0.432500,5.073750,43.250,218.750,1,OK
16074,0.432500,5.075000,43.500,221.250,1,OK
16094,0.432500,5.073750,43.000,218.750,1,OK
16114,0.432500,5.075000,43.250,218.750,1,OK
16134,0.432500,5.067500,43.250,218.750,1,OK
16154,0.432500,5.073750,43.250,218.750,1,OK
16174,0.432500,5.075000,43.250,218.750,1,OK
16194,0.432500,5.073750,43.250,218.750,1,OK
16214,0.430000,5.073750,43.000,218.750,1,OK
16234,0.435000,5.073750,43.500,221.250,1,OK
16254,0.432500,5.073750,43.250,218.750,1,OK
16274,0.435000,5.075000,43.000,221.250,1,OK
16294,0.430000,5.075000,43.000,217.500,1,OK
16314,0.430000,5.070000,43.000,217.500,1,OK
16334,0.432500,5.073750,43.250,218.750,1,OK
16354,0.432500,5.075000,43.250,218.750,1,OK
16374,0.432500,5.075000,43.250,218.750,1,OK
16394,0.432500,5.073750,43.250,218.750,1,OK
16414,0.435000,5.073750,43.250,218.750,1,OK
16434,0.430000,5.073750,43.500,221.250,1,OK
16454,0.432500,5.073750,43.250,218.750,1,OK
16474,0.432500,5.075000,43.250,218.750,1,OK
16494,0.432500,5.072500,43.250,218.750,1,OK
16514,0.432500,5.073750,43.250,218.750,1,OK
16534,0.427500,5.073750,42.750,217.500,1,OK
16554,0.435000,5.073750,43.500,221.250,1,OK
16574,0.435000,5.073750,43.500,221.250,1,OK
16594,0.435000,5.072500,43.250,218.750,1,OK
16614,0.432500,5.073750,43.000,218.750,1,OK
16634,0.432500,5.075000,43.000,218.750,1,OK
16654,0.432500,5.070000,43.250,218.750,1,OK
16674,0.430000,5.073750,43.000,218.750,1,OK
16694,0.432500,5.073750,43.250,218.750,1,OK
16714,0.432500,5.075000,43.250,218.750,1,OK
16734,0.430000,5.072500,43.000,218.750,1,OK
16754,0.437500,5.073750,43.250,218.750,1,OK
16774,0.432500,5.075000,43.000,218.750,1,OK
16794,0.432500,5.073750,43.250,218.750,1,OK
16814,0.435000,5.073750,43.500,221.250,1,OK
16834,0.435000,5.071250,43.500,221.250,1,OK
16854,0.435000,5.075000,43.500,221.250,1,OK
16874,0.432500,5.073750,43.250,218.750,1,OK
16894,0.435000,5.075000,43.500,221.250,1,OK
16914,0.432500,5.073750,43.250,218.750,1,OK
16934,0.430000,5.073750,43.250,218.750,1,OK
16954,0.435000,5.073750,43.250,218.750,1,OK
16974,0.435000,5.075000,43.250,221.250,1,OK
16994,0.432500,5.073750,43.250,218.750,1,OK
17014,0.432500,5.073750,43.250,218.750,1,OK
17034,0.427500,5.073750,42.750,217.500,1,OK
17054,0.435000,5.072500,43.500,221.250,1,OK
17074,0.432500,5.073750,43.250,218.750,1,OK
17094,0.432500,5.075000,43.250,218.750,1,OK
17114,0.432500,5.075000,43.500,221.250,1,OK
17134,0.432500,5.075000,43.250,218.750,1,OK
17154,0.432500,5.073750,43.250,218.750,1,OK
17174,0.432500,5.071250,43.250,218.750,1,OK
17194,0.430000,5.073750,43.000,218.750,1,OK
17214,0.432500,5.073750,43.250,218.750,1,OK
17234,0.430000,5.075000,43.000,218.750,1,OK
17254,0.435000,5.073750,43.500,221.250,1,OK
17274,0.435000,5.075000,43.250,218.750,1,OK
17294,0.432500,5.073750,43.500,221.250,1,OK
17314,0.432500,5.073750,43.250,218.750,1,OK
17334,0.435000,5.075000,43.500,221.250,1,OK
17354,0.432500,5.073750,43.250,218.750,1,OK
17374,0.432500,5.073750,43.250,218.750,1,OK
17394,0.432500,5.075000,43.250,218.750,1,OK
17414,0.435000,5.072500,43.500,221.250,1,OK
17434,0.430000,5.073750,43.000,218.750,1,OK
17454,0.430000,5.075000,43.250,218.750,1,OK
17474,0.432500,5.073750,43.250,218.750,1,OK
17494,0.432500,5.075000,43.000,218.750,1,OK
17514,0.432500,5.068750,43.250,218.750,1,OK
17534,0.432500,5.073750,43.250,218.750,1,OK
17554,0.432500,5.073750,43.250,218.750,1,OK
17574,0.435000,5.075000,43.500,221.250,1,OK
17594,0.432500,5.073750,43.250,218.750,1,OK
17614,0.432500,5.073750,43.250,218.750,1,OK
17634,0.432500,5.072500,43.000,218.750,1,OK
17654,0.430000,5.072500,43.000,217.500,1,OK
17674,0.432500,5.075000,43.250,218.750,1,OK
17694,0.432500,5.072500,43.250,218.750,1,OK
17714,0.430000,5.072500,43.000,218.750,1,OK
17734,0.432500,5.073750,43.250,218.750,1,OK
17754,0.430000,5.073750,43.000,218.750,1,OK
17774,0.430000,5.075000,43.000,218.750,1,OK
17794,0.432500,5.073750,43.500,221.250,1,OK
17814,0.432500,5.075000,43.250,218.750,1,OK
17834,0.432500,5.075000,43.250,218.750,1,OK
17854,0.432500,5.073750,43.250,218.750,1,OK
17874,0.432500,5.073750,43.250,218.750,1,OK
17894,0.432500,5.075000,43.250,218.750,1,OK
17914,0.435000,5.073750,43.500,221.250,1,OK
17934,0.430000,5.072500,43.000,218.750,1,OK
17954,0.430000,5.073750,43.000,218.750,1,OK
17974,0.432500,5.075000,43.250,218.750,1,OK
17994,0.432500,5.073750,43.000,218.750,1,OK
18014,0.430000,5.073750,43.000,217.500,1,OK
18034,0.432500,5.071250,43.250,218.750,1,OK
18054,0.435000,5.073750,43.500,221.250,1,OK
18074,0.430000,5.075000,43.000,218.750,1,OK
18094,0.432500,5.073750,43.250,218.750,1,OK
18114,0.430000,5.075000,43.000,218.750,1,OK
18134,0.440000,5.075000,43.250,218.750,1,OK
18154,0.430000,5.073750,43.250,218.750,1,OK
18174,0.430000,5.075000,43.250,217.500,1,OK
18194,0.435000,5.075000,43.500,221.250,1,OK
18214,0.432500,5.072500,43.250,218.750,1,OK
18234,0.435000,5.073750,43.500,221.250,1,OK
18254,0.432500,5.073750,43.250,218.750,1,OK
18274,0.435000,5.073750,43.500,221.250,1,OK
18294,0.432500,5.073750,43.250,218.750,1,OK
18314,0.430000,5.075000,43.000,218.750,1,OK
18334,0.430000,5.073750,43.000,218.750,1,OK
18354,0.432500,5.075000,43.250,218.750,1,OK
18374,0.432500,5.068750,43.250,218.750,1,OK
18394,0.432500,5.073750,43.250,218.750,1,OK
18414,0.430000,5.075000,43.000,218.750,1,OK
18434,0.432500,5.073750,43.250,218.750,1,OK
18454,0.435000,5.075000,43.500,221.250,1,OK
18474,0.432500,5.073750,43.250,218.750,1,OK
18494,0.432500,5.073750,43.250,218.750,1,OK
18514,0.432500,5.075000,43.000,218.750,1,OK
18534,0.435000,5.073750,43.500,221.250,1,OK
18554,0.432500,5.071250,43.250,218.750,1,OK
18574,0.432500,5.073750,43.250,218.750,1,OK
18594,0.430000,5.075000,43.000,218.750,1,OK
18614,0.432500,5.075000,43.250,218.750,1,OK
18634,0.430000,5.075000,43.000,218.750,1,OK
18654,0.432500,5.073750,43.500,221.250,1,OK
18674,0.430000,5.075000,43.250,218.750,1,OK
18694,0.432500,5.075000,43.000,218.750,1,OK
18714,0.432500,5.075000,43.250,218.750,1,OK
18734,0.435000,5.072500,43.500,221.250,1,OK
18754,0.432500,5.073750,43.250,218.750,1,OK
18774,0.432500,5.075000,43.250,218.750,1,OK
18794,0.432500,5.073750,43.250,218.750,1,OK
18814,0.432500,5.075000,43.250,218.750,1,OK
18834,0.432500,5.073750,43.000,218.750,1,OK
18854,0.435000,5.075000,43.250,218.750,1,OK
18874,0.430000,5.076250,43.500,217.500,1,OK
18894,0.435000,5.068750,43.500,221.250,1,OK
18914,0.432500,5.073750,43.250,218.750,1,OK
18934,0.432500,5.075000,43.250,218.750,1,OK
18954,0.432500,5.075000,43.250,218.750,1,OK
18974,0.432500,5.075000,43.250,218.750,1,OK
18994,0.442500,5.075000,43.250,218.750,1,OK
19014,0.432500,5.075000,43.250,218.750,1,OK
19034,0.432500,5.073750,43.250,218.750,1,OK
19054,0.430000,5.073750,43.000,217.500,1,OK
19074,0.435000,5.070000,43.500,221.250,1,OK
19094,0.435000,5.073750,43.500,221.250,1,OK
19114,0.432500,5.075000,43.250,218.750,1,OK
19134,0.432500,5.075000,43.250,218.750,1,OK
19154,0.432500,5.072500,43.250,218.750,1,OK
19174,0.432500,5.075000,43.250,218.750,1,OK
19194,0.432500,5.075000,43.250,218.750,1,OK
19214,0.432500,5.075000,43.250,218.750,1,OK
19234,0.432500,5.076250,43.250,218.750,1,OK
19254,0.432500,5.073750,43.250,218.750,1,OK
19274,0.432500,5.073750,43.250,218.750,1,OK
19294,0.430000,5.075000,43.000,218.750,1,OK
19314,0.430000,5.075000,43.000,218.750,1,OK
19334,0.430000,5.073750,43.000,218.750,1,OK
19354,0.432500,5.073750,43.000,218.750,1,OK
19374,0.435000,5.075000,43.250,218.750,1,OK
19394,0.430000,5.075000,43.250,217.500,1,OK
19414,0.432500,5.071250,43.250,218.750,1,OK
19434,0.432500,5.072500,43.250,218.750,1,OK
19454,0.432500,5.075000,43.250,218.750,1,OK
19474,0.430000,5.073750,43.000,218.750,1,OK
19494,0.430000,5.075000,43.000,218.750,1,OK
19514,0.437500,5.075000,43.500,221.250,1,OK
19534,0.432500,5.075000,43.250,218.750,1,OK
19554,0.430000,5.073750,43.000,217.500,1,OK
19574,0.435000,5.073750,43.500,221.250,1,OK
19594,0.432500,5.071250,43.250,218.750,1,OK
19614,0.432500,5.075000,43.250,218.750,1,OK
19634,0.430000,5.075000,43.000,218.750,1,OK
19654,0.435000,5.073750,43.500,221.250,1,OK
19674,0.437500,5.075000,43.750,221.250,1,OK
19694,0.430000,5.075000,43.250,218.750,1,OK
19714,0.432500,5.073750,43.250,218.750,1,OK
19734,0.432500,5.073750,43.250,218.750,1,OK
19754,0.435000,5.068750,43.500,221.250,1,OK
19774,0.432500,5.073750,43.250,218.750,1,OK
19794,0.430000,5.073750,43.000,218.750,1,OK
19814,0.432500,5.075000,43.250,218.750,1,OK
19834,0.432500,5.073750,43.250,218.750,1,OK
19854,0.432500,5.073750,43.250,218.750,1,OK
19874,0.430000,5.073750,43.000,218.750,1,OK
19894,0.432500,5.075000,43.500,218.750,1,OK
19914,0.432500,5.073750,43.250,218.750,1,OK
19934,0.430000,5.070000,43.000,217.500,1,OK
19954,0.432500,5.075000,43.250,218.750,1,OK
19974,0.430000,5.073750,43.000,218.750,1,OK
19994,0.432500,5.073750,43.250,218.750,1,OK
20014,0.432500,5.075000,43.250,218.750,1,OK
20034,0.430000,5.073750,43.250,218.750,1,OK
20054,0.430000,5.072500,43.000,218.750,1,OK
20074,0.432500,5.075000,43.000,218.750,1,OK
20094,0.432500,5.075000,43.250,218.750,1,OK
20114,0.427500,5.073750,42.750,217.500,1,OK
20134,0.435000,5.073750,43.500,221.250,1,OK
20154,0.430000,5.073750,43.000,218.750,1,OK
20174,0.430000,5.073750,43.000,218.750,1,OK
20194,0.430000,5.073750,43.000,218.750,1,OK
20214,0.430000,5.075000,43.250,218.750,1,OK
20234,0.432500,5.075000,43.250,218.750,1,OK
20254,0.432500,5.073750,43.000,218.750,1,OK
20274,0.430000,5.071250,43.000,217.500,1,OK
20294,0.435000,5.073750,43.500,221.250,1,OK
20314,0.430000,5.076250,43.000,218.750,1,OK
20334,0.432500,5.075000,43.250,218.750,1,OK
20354,0.432500,5.075000,43.250,218.750,1,OK
20374,0.437500,5.073750,43.250,218.750,1,OK
20394,0.432500,5.073750,43.250,218.750,1,OK
20414,0.432500,5.075000,43.500,218.750,1,OK
20434,0.432500,5.073750,43.250,218.750,1,OK
20454,0.432500,5.071250,43.250,218.750,1,OK
20474,0.430000,5.075000,43.000,218.750,1,OK
20494,0.432500,5.073750,43.250,218.750,1,OK
20514,0.435000,5.075000,43.500,221.250,1,OK
20534,0.430000,5.075000,43.000,218.750,1,OK
20554,0.435000,5.075000,43.250,218.750,1,OK
20574,0.430000,5.075000,43.250,218.750,1,OK
20594,0.432500,5.075000,43.250,218.750,1,OK
20614,0.430000,5.075000,43.000,217.500,1,OK
20634,0.432500,5.073750,43.250,218.750,1,OK
20654,0.432500,5.073750,43.250,218.750,1,OK
20674,0.432500,5.075000,43.250,218.750,1,OK
20694,0.430000,5.075000,43.000,218.750,1,OK
20714,0.430000,5.075000,43.000,218.750,1,OK
20734,0.430000,5.073750,43.250,218.750,1,OK
20754,0.432500,5.075000,43.250,218.750,1,OK
20774,0.432500,5.073750,43.250,218.750,1,OK
20794,0.427500,5.070000,42.750,217.500,1,OK
20814,0.430000,5.073750,43.000,218.750,1,OK
20834,0.432500,5.072500,43.250,218.750,1,OK
20854,0.427500,5.073750,42.750,217.500,1,OK
20874,0.435000,5.076250,43.500,221.250,1,OK
20894,0.432500,5.073750,43.250,218.750,1,OK
20914,0.432500,5.073750,43.250,218.750,1,OK
20934,0.430000,5.075000,43.250,217.500,1,OK
20954,0.432500,5.075000,43.250,218.750,1,OK
20974,0.432500,5.072500,43.250,218.750,1,OK
20994,0.435000,5.073750,43.500,221.250,1,OK
21014,0.432500,5.076250,43.250,218.750,1,OK
21034,0.432500,5.073750,43.250,218.750,1,OK
21054,0.430000,5.073750,43.000,218.750,1,OK
21074,0.432500,5.075000,43.000,218.750,1,OK
21094,0.430000,5.073750,43.000,218.750,1,OK
21114,0.435000,5.075000,43.500,221.250,1,OK
21134,0.432500,5.068750,43.250,218.750,1,OK
21154,0.432500,5.075000,43.250,218.750,1,OK
21174,0.432500,5.075000,43.250,218.750,1,OK
21194,0.432500,5.075000,43.250,218.750,1,OK
21214,0.432500,5.073750,43.250,218.750,1,OK
21234,0.432500,5.073750,43.250,218.750,1,OK
21254,0.432500,5.073750,43.250,218.750,1,OK
21274,0.432500,5.073750,43.250,218.750,1,OK
21294,0.430000,5.073750,43.000,217.500,1,OK
21314,0.432500,5.072500,43.250,218.750,1,OK
21334,0.432500,5.075000,43.250,218.750,1,OK
21354,0.432500,5.073750,43.250,218.750,1,OK
21374,0.430000,5.073750,43.000,218.750,1,OK
21394,0.432500,5.075000,43.250,218.750,1,OK
21414,0.432500,5.073750,43.000,218.750,1,OK
21434,0.432500,5.075000,43.000,218.750,1,OK
21454,0.430000,5.073750,43.250,217.500,1,OK
21474,0.430000,5.075000,43.000,217.500,1,OK
21494,0.430000,5.072500,43.000,218.750,1,OK
21514,0.435000,5.073750,43.500,221.250,1,OK
21534,0.432500,5.072500,43.250,218.750,1,OK
21554,0.432500,5.072500,43.250,218.750,1,OK
21574,0.432500,5.075000,43.250,218.750,1,OK
21594,0.435000,5.075000,43.250,218.750,1,OK
21614,0.430000,5.073750,43.250,218.750,1,OK
21634,0.432500,5.073750,43.250,218.750,1,OK
21654,0.435000,5.070000,43.500,221.250,1,OK
21674,0.432500,5.075000,43.250,218.750,1,OK
21694,0.435000,5.075000,43.500,221.250,1,OK
21714,0.435000,5.075000,43.500,221.250,1,OK
21734,0.435000,5.073750,43.500,221.250,1,OK
21754,0.440000,5.075000,43.250,218.750,1,OK
21774,0.432500,5.073750,43.000,218.750,1,OK
21794,0.435000,5.076250,43.000,221.250,1,OK
21814,0.432500,5.075000,43.250,218.750,1,OK
21834,0.430000,5.072500,43.000,218.750,1,OK
21854,0.432500,5.073750,43.250,218.750,1,OK
21874,0.432500,5.073750,43.250,218.750,1,OK
21894,0.432500,5.073750,43.250,218.750,1,OK
21914,0.432500,5.075000,43.250,218.750,1,OK
21934,0.432500,5.072500,43.500,221.250,1,OK
21954,0.432500,5.073750,43.000,218.750,1,OK
21974,0.430000,5.073750,43.250,217.500,1,OK
21994,0.432500,5.070000,43.250,218.750,1,OK
22014,0.432500,5.076250,43.250,218.750,1,OK
22034,0.432500,5.075000,43.250,218.750,1,OK
22054,0.432500,5.072500,43.250,218.750,1,OK
22074,0.435000,5.075000,43.500,221.250,1,OK
22094,0.430000,5.075000,43.000,218.750,1,OK
22114,0.432500,5.073750,43.000,218.750,1,OK
22134,0.432500,5.073750,43.250,218.750,1,OK
22154,0.432500,5.073750,43.250,218.750,1,OK
22174,0.430000,5.071250,43.000,217.500,1,OK
22194,0.432500,5.075000,43.250,218.750,1,OK
22214,0.435000,5.073750,43.500,221.250,1,OK
22234,0.432500,5.075000,43.250,218.750,1,OK
22254,0.432500,5.073750,43.250,218.750,1,OK
22274,0.430000,5.073750,43.250,218.750,1,OK
22294,0.432500,5.075000,43.000,218.750,1,OK
22314,0.435000,5.075000,43.250,221.250,1,OK
22334,0.430000,5.075000,43.000,217.500,1,OK
22354,0.430000,5.072500,43.000,218.750,1,OK
22374,0.432500,5.075000,43.250,218.750,1,OK
22394,0.432500,5.073750,43.250,218.750,1,OK
22414,0.435000,5.073750,43.500,221.250,1,OK
22434,0.430000,5.073750,43.000,218.750,1,OK
22454,0.432500,5.073750,43.000,218.750,1,OK
22474,0.432500,5.075000,43.000,218.750,1,OK
22494,0.432500,5.075000,43.250,218.750,1,OK
22514,0.432500,5.071250,43.250,218.750,1,OK
22534,0.432500,5.075000,43.250,218.750,1,OK
22554,0.430000,5.073750,43.000,218.750,1,OK
22574,0.430000,5.073750,43.000,218.750,1,OK
22594,0.432500,5.073750,43.250,218.750,1,OK
22614,0.442500,5.073750,43.250,218.750,1,OK
22634,0.435000,5.075000,43.250,218.750,1,OK
22654,0.432500,5.075000,43.250,218.750,1,OK
22674,0.432500,5.075000,43.250,218.750,1,OK
22694,0.432500,5.071250,43.250,218.750,1,OK
22714,0.432500,5.075000,43.250,218.750,1,OK
22734,0.435000,5.073750,43.500,221.250,1,OK
22754,0.432500,5.073750,43.250,218.750,1,OK
22774,0.430000,5.076250,43.000,218.750,1,OK
22794,0.432500,5.075000,43.000,218.750,1,OK
22814,0.430000,5.073750,43.000,218.750,1,OK
22834,0.432500,5.075000,43.250,218.750,1,OK
22854,0.432500,5.073750,43.250,218.750,1,OK
22874,0.430000,5.073750,43.000,218.750,1,OK
22894,0.430000,5.075000,43.000,218.750,1,OK
22914,0.435000,5.075000,43.500,221.250,1,OK
22934,0.432500,5.075000,43.250,218.750,1,OK
22954,0.430000,5.073750,43.000,218.750,1,OK
22974,0.430000,5.073750,43.250,218.750,1,OK
22994,0.432500,5.073750,43.000,218.750,1,OK
23014,0.432500,5.073750,43.250,218.750,1,OK
23034,0.432500,5.071250,43.250,218.750,1,OK
23054,0.435000,5.073750,43.500,221.250,1,OK
23074,0.432500,5.073750,43.250,218.750,1,OK
23094,0.430000,5.075000,43.000,218.750,1,OK
23114,0.435000,5.072500,43.500,221.250,1,OK
23134,0.437500,5.073750,43.000,218.750,1,OK
23154,0.432500,5.073750,43.000,218.750,1,OK
23174,0.432500,5.075000,43.000,218.750,1,OK
23194,0.432500,5.073750,43.250,218.750,1,OK
23214,0.432500,5.071250,43.250,218.750,1,OK
23234,0.432500,5.075000,43.250,218.750,1,OK
23254,0.432500,5.075000,43.250,218.750,1,OK
23274,0.432500,5.075000,43.250,218.750,1,OK
23294,0.432500,5.075000,43.250,218.750,1,OK
23314,0.432500,5.075000,43.250,218.750,1,OK
23334,0.435000,5.073750,43.250,218.750,1,OK
23354,0.432500,5.073750,43.250,218.750,1,OK
23374,0.430000,5.070000,43.000,217.500,1,OK
23394,0.427500,5.073750,42.750,217.500,1,OK
23414,0.432500,5.073750,43.250,218.750,1,OK
23434,0.430000,5.075000,43.000,218.750,1,OK
23454,0.435000,5.075000,43.500,221.250,1,OK
23474,0.432500,5.075000,43.250,218.750,1,OK
23494,0.435000,5.075000,43.250,218.750,1,OK
23514,0.430000,5.075000,43.250,217.500,1,OK
23534,0.432500,5.075000,43.250,218.750,1,OK
23554,0.432500,5.071250,43.250,218.750,1,OK
23574,0.432500,5.076250,43.250,218.750,1,OK
23594,0.432500,5.075000,43.250,218.750,1,OK
23614,0.432500,5.075000,43.250,218.750,1,OK
23634,0.432500,5.073750,43.250,218.750,1,OK
23654,0.432500,5.073750,43.250,218.750,1,OK
23674,0.432500,5.075000,43.250,218.750,1,OK
23694,0.432500,5.073750,42.750,218.750,1,OK
23714,0.432500,5.075000,43.250,218.750,1,OK
23734,0.430000,5.073750,43.000,218.750,1,OK
23754,0.430000,5.073750,43.000,218.750,1,OK
23774,0.432500,5.073750,43.250,218.750,1,OK
23794,0.432500,5.073750,43.250,218.750,1,OK
23814,0.435000,5.075000,43.500,221.250,1,OK
23834,0.435000,5.073750,43.250,218.750,1,OK
23854,0.432500,5.075000,43.250,218.750,1,OK
23874,0.432500,5.075000,43.500,218.750,1,OK
23894,0.430000,5.070000,43.000,217.500,1,OK
23914,0.430000,5.076250,43.000,218.750,1,OK
23934,0.435000,5.075000,43.500,221.250,1,OK
23954,0.432500,5.073750,43.250,218.750,1,OK
23974,0.432500,5.075000,43.250,218.750,1,OK
23994,0.440000,5.073750,43.500,221.250,1,OK
24014,0.432500,5.073750,43.000,218.750,1,OK
24034,0.432500,5.075000,43.250,218.750,1,OK
24054,0.435000,5.073750,43.500,221.250,1,OK
24074,0.432500,5.071250,43.250,218.750,1,OK
24094,0.432500,5.073750,43.250,218.750,1,OK
24114,0.432500,5.073750,43.250,218.750,1,OK
24134,0.432500,5.073750,43.250,218.750,1,OK
24154,0.432500,5.073750,43.250,218.750,1,OK
24174,0.432500,5.073750,43.250,218.750,1,OK
24194,0.432500,5.073750,43.250,218.750,1,OK
24214,0.432500,5.075000,43.250,218.750,1,OK
24234,0.430000,5.070000,43.000,217.500,1,OK
24254,0.432500,5.072500,43.250,218.750,1,OK
24274,0.432500,5.075000,43.250,218.750,1,OK
24294,0.432500,5.073750,43.250,218.750,1,OK
24314,0.432500,5.073750,43.250,218.750,1,OK
24334,0.432500,5.073750,43.250,218.750,1,OK
24354,0.430000,5.075000,43.000,218.750,1,OK
24374,0.432500,5.075000,43.000,218.750,1,OK
24394,0.430000,5.075000,43.000,217.500,1,OK
24414,0.432500,5.071250,43.250,218.750,1,OK
24434,0.432500,5.073750,43.250,218.750,1,OK
24454,0.430000,5.073750,43.000,218.750,1,OK
24474,0.430000,5.076250,43.000,218.750,1,OK
24494,0.432500,5.073750,43.250,218.750,1,OK
24514,0.435000,5.073750,43.000,218.750,1,OK
24534,0.427500,5.073750,43.250,218.750,1,OK
24554,0.435000,5.073750,43.500,221.250,1,OK
24574,0.432500,5.073750,43.250,218.750,1,OK
24594,0.432500,5.072500,43.250,218.750,1,OK
24614,0.430000,5.073750,43.000,218.750,1,OK
24634,0.432500,5.075000,43.250,218.750,1,OK
24654,0.430000,5.073750,43.000,218.750,1,OK
24674,0.435000,5.073750,43.500,221.250,1,OK
24694,0.435000,5.075000,43.000,218.750,1,OK
24714,0.430000,5.075000,43.250,218.750,1,OK
24734,0.432500,5.075000,43.000,218.750,1,OK
24754,0.432500,5.068750,43.250,218.750,1,OK
24774,0.427500,5.073750,42.750,217.500,1,OK
24794,0.432500,5.075000,43.250,218.750,1,OK
24814,0.427500,5.077500,42.750,217.500,1,OK
24834,0.432500,5.076250,43.250,218.750,1,OK
24854,0.432500,5.076250,43.250,218.750,1,OK
24874,0.435000,5.073750,43.250,218.750,1,OK
24894,0.432500,5.073750,43.500,218.750,1,OK
24914,0.430000,5.075000,43.000,217.500,1,OK
24934,0.432500,5.073750,43.250,218.750,1,OK
24954,0.430000,5.077500,43.000,218.750,1,OK
24974,0.432500,5.077500,43.250,218.750,1,OK
24994,0.435000,5.077500,43.500,221.250,1,OK
25014,0.430000,5.076250,43.000,218.750,1,OK
25034,0.430000,5.073750,43.000,218.750,1,OK
25054,0.430000,5.073750,43.250,218.750,1,OK
25074,0.430000,5.075000,43.750,217.500,1,OK
25094,0.432500,5.072500,43.250,218.750,1,OK
25114,0.430000,5.077500,43.000,218.750,1,OK
25134,0.432500,5.077500,43.250,218.750,1,OK
25154,0.430000,5.077500,43.000,218.750,1,OK
25174,0.432500,5.075000,43.250,218.750,1,OK
25194,0.432500,5.073750,43.250,218.750,1,OK
25214,0.432500,5.077500,43.250,218.750,1,OK
25234,0.430000,5.073750,43.000,218.750,1,OK
25254,0.435000,5.075000,43.500,221.250,1,OK
25274,0.430000,5.072500,43.000,218.750,1,OK
25294,0.435000,5.075000,43.500,221.250,1,OK
25314,0.432500,5.076250,43.250,218.750,1,OK
25334,0.432500,5.075000,43.250,218.750,1,OK
25354,0.435000,5.075000,43.500,221.250,1,OK
25374,0.435000,5.076250,43.250,218.750,1,OK
25394,0.432500,5.076250,43.250,218.750,1,OK
25414,0.435000,5.076250,43.250,221.250,1,OK
25434,0.435000,5.073750,43.500,221.250,1,OK
25454,0.427500,5.073750,42.750,217.500,1,OK
25474,0.432500,5.075000,43.250,218.750,1,OK
25494,0.430000,5.076250,43.000,218.750,1,OK
25514,0.432500,5.075000,43.250,218.750,1,OK
25534,0.432500,5.076250,43.250,218.750,1,OK
25554,0.430000,5.075000,43.500,221.250,1,OK
25574,0.432500,5.076250,43.000,218.750,1,OK
25594,0.432500,5.073750,43.000,218.750,1,OK
25614,0.435000,5.072500,43.500,221.250,1,OK
25634,0.432500,5.073750,43.250,218.750,1,OK
25654,0.430000,5.075000,43.000,218.750,1,OK
25674,0.432500,5.076250,43.250,218.750,1,OK
25694,0.432500,5.075000,43.250,218.750,1,OK
25714,0.432500,5.076250,43.250,218.750,1,OK
25734,0.432500,5.076250,43.250,218.750,1,OK
25754,0.430000,5.076250,43.000,217.500,1,OK
25774,0.432500,5.077500,43.250,218.750,1,OK
25794,0.430000,5.072500,43.000,218.750,1,OK
25814,0.432500,5.076250,43.250,218.750,1,OK
25834,0.432500,5.076250,43.250,218.750,1,OK
25854,0.435000,5.075000,43.500,221.250,1,OK
25874,0.432500,5.076250,43.250,218.750,1,OK
25894,0.432500,5.076250,43.250,218.750,1,OK
25914,0.430000,5.076250,43.250,218.750,1,OK
25934,0.432500,5.073750,43.250,218.750,1,OK
25954,0.435000,5.077500,43.500,221.250,1,OK
25974,0.435000,5.072500,43.500,221.250,1,OK
25994,0.430000,5.076250,43.000,218.750,1,OK
26014,0.432500,5.077500,43.250,218.750,1,OK
26034,0.435000,5.073750,43.500,221.250,1,OK
26054,0.432500,5.075000,43.250,218.750,1,OK
26074,0.432500,5.076250,43.250,218.750,1,OK
26094,0.432500,5.076250,43.250,218.750,1,OK
26114,0.435000,5.076250,43.000,221.250,1,OK
26134,0.432500,5.070000,43.250,218.750,1,OK
26154,0.432500,5.075000,43.250,218.750,1,OK
26174,0.430000,5.076250,43.000,218.750,1,OK
26194,0.430000,5.077500,43.000,218.750,1,OK
26214,0.432500,5.076250,43.250,218.750,1,OK
26234,0.445000,5.075000,43.000,218.750,1,OK
26254,0.432500,5.075000,43.250,218.750,1,OK
26274,0.435000,5.076250,43.250,221.250,1,OK
26294,0.430000,5.077500,43.000,217.500,1,OK
26314,0.432500,5.076250,43.250,218.750,1,OK
26334,0.432500,5.075000,43.250,218.750,1,OK
26354,0.427500,5.076250,42.750,217.500,1,OK
26374,0.432500,5.076250,43.250,218.750,1,OK
26394,0.432500,5.077500,43.250,218.750,1,OK
26414,0.430000,5.075000,43.000,218.750,1,OK
26434,0.432500,5.072500,43.500,221.250,1,OK
26454,0.432500,5.075000,43.250,218.750,1,OK
26474,0.435000,5.076250,43.500,221.250,1,OK
26494,0.432500,5.075000,43.250,218.750,1,OK
26514,0.435000,5.076250,43.500,221.250,1,OK
26534,0.430000,5.075000,43.000,218.750,1,OK
26554,0.430000,5.073750,43.000,218.750,1,OK
26574,0.430000,5.076250,43.000,218.750,1,OK
26594,0.430000,5.076250,43.250,218.750,1,OK
26614,0.430000,5.077500,43.500,221.250,1,OK
26634,0.432500,5.073750,43.250,218.750,1,OK
26654,0.432500,5.071250,43.250,218.750,1,OK
26674,0.430000,5.075000,43.000,218.750,1,OK
26694,0.430000,5.076250,43.000,218.750,1,OK
26714,0.432500,5.076250,43.250,218.750,1,OK
26734,0.432500,5.076250,43.250,218.750,1,OK
26754,0.440000,5.075000,43.250,218.750,1,OK
26774,0.435000,5.076250,43.250,218.750,1,OK
26794,0.432500,5.076250,43.250,218.750,1,OK
26814,0.427500,5.076250,42.750,217.500,1,OK
26834,0.432500,5.072500,43.250,218.750,1,OK
26854,0.432500,5.075000,43.250,218.750,1,OK
26874,0.435000,5.076250,43.500,221.250,1,OK
26894,0.432500,5.075000,43.250,218.750,1,OK
26914,0.430000,5.076250,43.000,218.750,1,OK
26934,0.430000,5.073750,43.000,218.750,1,OK
26954,0.432500,5.075000,43.500,221.250,1,OK
26974,0.435000,5.076250,43.000,221.250,1,OK
26994,0.430000,5.070000,43.000,217.500,1,OK
27014,0.430000,5.076250,43.000,218.750,1,OK
27034,0.432500,5.073750,43.250,218.750,1,OK
27054,0.430000,5.076250,43.000,218.750,1,OK
27074,0.432500,5.076250,43.250,218.750,1,OK
27094,0.435000,5.076250,43.500,221.250,1,OK
27114,0.430000,5.077500,43.500,221.250,1,OK
27134,0.435000,5.075000,43.250,221.250,1,OK
27154,0.430000,5.076250,43.000,217.500,1,OK
27174,0.432500,5.071250,43.250,218.750,1,OK
27194,0.435000,5.075000,43.500,221.250,1,OK
27214,0.435000,5.076250,43.500,221.250,1,OK
27234,0.430000,5.075000,43.000,218.750,1,OK
27254,0.435000,5.075000,43.500,221.250,1,OK
27274,0.432500,5.075000,43.250,218.750,1,OK
27294,0.435000,5.076250,43.250,218.750,1,OK
27314,0.430000,5.075000,43.000,217.500,1,OK
27334,0.432500,5.076250,43.250,218.750,1,OK
27354,0.432500,5.075000,43.250,218.750,1,OK
27374,0.435000,5.076250,43.500,221.250,1,OK
27394,0.432500,5.075000,43.250,218.750,1,OK
27414,0.432500,5.076250,43.250,218.750,1,OK
27434,0.432500,5.075000,43.250,218.750,1,OK
27454,0.430000,5.075000,43.250,218.750,1,OK
27474,0.432500,5.076250,43.500,221.250,1,OK
27494,0.430000,5.076250,43.500,217.500,1,OK
27514,0.432500,5.072500,43.250,218.750,1,OK
27534,0.435000,5.076250,43.500,221.250,1,OK
27554,0.430000,5.076250,43.000,218.750,1,OK
27574,0.430000,5.076250,43.000,218.750,1,OK
27594,0.432500,5.076250,43.250,218.750,1,OK
27614,0.440000,5.076250,43.250,218.750,1,OK
27634,0.432500,5.075000,43.250,218.750,1,OK
27654,0.432500,5.075000,43.250,218.750,1,OK
27674,0.432500,5.075000,43.250,218.750,1,OK
27694,0.432500,5.073750,43.250,218.750,1,OK
27714,0.432500,5.077500,43.250,218.750,1,OK
27734,0.432500,5.075000,43.250,218.750,1,OK
27754,0.435000,5.075000,43.500,221.250,1,OK
27774,0.430000,5.075000,43.000,218.750,1,OK
27794,0.432500,5.075000,43.250,218.750,1,OK
27814,0.430000,5.076250,43.250,218.750,1,OK
27834,0.432500,5.073750,43.500,218.750,1,OK
27854,0.432500,5.070000,43.250,218.750,1,OK
27874,0.432500,5.075000,43.250,218.750,1,OK
27894,0.432500,5.075000,43.250,218.750,1,OK
27914,0.432500,5.076250,43.250,218.750,1,OK
27934,0.432500,5.075000,43.250,218.750,1,OK
27954,0.432500,5.075000,43.250,218.750,1,OK
27974,0.432500,5.075000,43.250,218.750,1,OK
27994,0.432500,5.075000,43.000,218.750,1,OK
28014,0.430000,5.076250,43.000,217.500,1,OK
28034,0.435000,5.071250,43.500,221.250,1,OK
28054,0.435000,5.075000,43.500,221.250,1,OK
28074,0.435000,5.075000,43.500,221.250,1,OK
28094,0.430000,5.076250,43.000,218.750,1,OK
28114,0.430000,5.076250,43.000,218.750,1,OK
28134,0.435000,5.075000,42.750,217.500,1,OK
28154,0.432500,5.075000,43.500,221.250,1,OK
28174,0.432500,5.076250,43.000,218.750,1,OK
28194,0.432500,5.075000,43.250,218.750,1,OK
28214,0.432500,5.075000,43.250,218.750,1,OK
28234,0.432500,5.075000,43.250,218.750,1,OK
28254,0.432500,5.075000,43.250,218.750,1,OK
28274,0.432500,5.076250,43.250,218.750,1,OK
28294,0.432500,5.077500,43.250,218.750,1,OK
28314,0.432500,5.077500,43.000,218.750,1,OK
28334,0.430000,5.075000,43.250,218.750,1,OK
28354,0.435000,5.075000,43.250,221.250,1,OK
28374,0.432500,5.071250,43.250,218.750,1,OK
28394,0.432500,5.076250,43.250,218.750,1,OK
28414,0.432500,5.075000,43.250,218.750,1,OK
28434,0.432500,5.075000,43.250,218.750,1,OK
28454,0.432500,5.075000,43.250,218.750,1,OK
28474,0.427500,5.073750,42.750,217.500,1,OK
28494,0.430000,5.076250,43.500,221.250,1,OK
28514,0.430000,5.076250,43.250,217.500,1,OK
28534,0.430000,5.075000,43.000,217.500,1,OK
28554,0.432500,5.073750,43.250,218.750,1,OK
28574,0.435000,5.076250,43.500,221.250,1,OK
28594,0.432500,5.075000,43.250,218.750,1,OK
28614,0.435000,5.077500,43.500,221.250,1,OK
28634,0.432500,5.075000,43.250,218.750,1,OK
28654,0.432500,5.073750,43.000,218.750,1,OK
28674,0.430000,5.076250,43.250,218.750,1,OK
28694,0.432500,5.075000,43.250,218.750,1,OK
28714,0.432500,5.075000,43.250,218.750,1,OK
28734,0.432500,5.075000,43.250,218.750,1,OK
28754,0.430000,5.075000,43.000,218.750,1,OK
28774,0.430000,5.076250,43.000,218.750,1,OK
28794,0.430000,5.076250,43.000,218.750,1,OK
28814,0.430000,5.077500,43.000,218.750,1,OK
28834,0.432500,5.075000,43.250,218.750,1,OK
28854,0.432500,5.075000,43.250,218.750,1,OK
28874,0.435000,5.076250,43.500,221.250,1,OK
28894,0.435000,5.072500,43.500,221.250,1,OK
28914,0.435000,5.076250,43.500,221.250,1,OK
28934,0.435000,5.075000,43.500,221.250,1,OK
28954,0.432500,5.075000,43.250,218.750,1,OK
28974,0.432500,5.076250,43.250,218.750,1,OK
28994,0.437500,5.076250,43.500,221.250,1,OK
29014,0.435000,5.076250,43.250,218.750,1,OK
29034,0.432500,5.075000,43.250,218.750,1,OK
29054,0.435000,5.075000,43.500,221.250,1,OK
29074,0.432500,5.072500,43.250,218.750,1,OK
29094,0.430000,5.075000,43.000,218.750,1,OK
29114,0.435000,5.076250,43.500,221.250,1,OK
29134,0.435000,5.075000,43.500,221.250,1,OK
29154,0.432500,5.073750,43.250,218.750,1,OK
29174,0.432500,5.075000,43.500,221.250,1,OK
29194,0.432500,5.075000,43.250,218.750,1,OK
29214,0.432500,5.073750,43.500,218.750,1,OK
29234,0.432500,5.068750,43.250,218.750,1,OK
29254,0.435000,5.075000,43.500,221.250,1,OK
29274,0.432500,5.076250,43.250,218.750,1,OK
29294,0.432500,5.076250,43.250,218.750,1,OK
29314,0.432500,5.073750,43.250,218.750,1,OK
29334,0.435000,5.073750,43.500,221.250,1,OK
29354,0.432500,5.073750,43.000,218.750,1,OK
29374,0.432500,5.075000,43.250,218.750,1,OK
29394,0.432500,5.073750,43.250,218.750,1,OK
29414,0.430000,5.071250,43.000,217.500,1,OK
29434,0.432500,5.075000,43.250,218.750,1,OK
29454,0.430000,5.076250,43.000,218.750,1,OK
29474,0.435000,5.073750,43.500,221.250,1,OK
29494,0.432500,5.073750,43.250,218.750,1,OK
29514,0.432500,5.076250,43.500,221.250,1,OK
29534,0.432500,5.073750,43.250,218.750,1,OK
29554,0.432500,5.073750,43.250,218.750,1,OK
29574,0.435000,5.076250,43.500,221.250,1,OK
29594,0.432500,5.073750,43.250,218.750,1,OK
29614,0.430000,5.075000,43.000,218.750,1,OK
29634,0.432500,5.073750,43.250,218.750,1,OK
29654,0.432500,5.075000,43.250,218.750,1,OK
29674,0.432500,5.076250,43.250,218.750,1,OK
29694,0.432500,5.073750,43.500,221.250,1,OK
29714,0.430000,5.076250,43.000,218.750,1,OK
29734,0.432500,5.073750,43.000,218.750,1,OK
29754,0.432500,5.071250,43.250,218.750,1,OK
29774,0.432500,5.073750,43.250,218.750,1,OK
29794,0.430000,5.075000,43.000,218.750,1,OK
29814,0.432500,5.076250,43.250,218.750,1,OK
29834,0.432500,5.073750,43.250,218.750,1,OK
29854,0.437500,5.075000,43.250,218.750,1,OK
29874,0.432500,5.076250,43.000,218.750,1,OK
29894,0.435000,5.073750,43.250,221.250,1,OK
29914,0.432500,5.073750,43.250,218.750,1,OK
29934,0.432500,5.072500,43.250,218.750,1,OK
29954,0.432500,5.075000,43.250,218.750,1,OK
29974,0.432500,5.076250,43.250,218.750,1,OK
29994,0.430000,5.075000,43.000,218.750,1,OK
30014,0.327500,5.091250,32.750,166.250,0,OK
30034,0.325000,5.090000,32.500,166.250,0,OK
30054,0.330000,5.090000,33.250,170.000,0,OK
30074,0.325000,5.090000,32.500,166.250,0,OK
30094,0.327500,5.092500,32.750,166.250,0,OK
30114,0.327500,5.088750,32.750,166.250,0,OK
30134,0.327500,5.090000,32.750,166.250,0,OK
30154,0.325000,5.091250,32.500,166.250,0,OK
30174,0.327500,5.091250,32.750,166.250,0,OK
30194,0.330000,5.091250,33.000,167.500,0,OK
30214,0.327500,5.092500,32.750,166.250,0,OK
30234,0.330000,5.090000,32.750,166.250,0,OK
30254,0.327500,5.088750,32.750,166.250,0,OK
30274,0.327500,5.087500,32.750,166.250,0,OK
30294,0.327500,5.091250,32.750,166.250,0,OK
30314,0.327500,5.092500,32.750,166.250,0,OK
30334,0.327500,5.090000,32.750,166.250,0,OK
30354,0.330000,5.091250,33.000,167.500,0,OK
30374,0.330000,5.091250,32.500,166.250,0,OK
30394,0.325000,5.090000,32.750,166.250,0,OK
30414,0.327500,5.091250,32.750,166.250,0,OK
30434,0.327500,5.090000,32.750,166.250,0,OK
30454,0.327500,5.088750,32.750,166.250,0,OK
30474,0.327500,5.091250,32.750,166.250,0,OK
30494,0.327500,5.091250,32.750,166.250,0,OK
30514,0.327500,5.090000,32.750,166.250,0,OK
30534,0.327500,5.091250,32.750,166.250,0,OK
30554,0.330000,5.091250,32.500,166.250,0,OK
30574,0.327500,5.091250,32.750,166.250,0,OK
30594,0.330000,5.092500,32.750,167.500,0,OK
30614,0.327500,5.087500,32.750,166.250,0,OK
30634,0.330000,5.090000,33.000,167.500,0,OK
30654,0.327500,5.090000,32.750,166.250,0,OK
30674,0.325000,5.091250,32.500,166.250,0,OK
30694,0.327500,5.090000,32.750,166.250,0,OK
30714,0.327500,5.091250,32.750,166.250,0,OK
30734,0.327500,5.091250,32.750,166.250,0,OK
30754,0.327500,5.090000,32.750,166.250,0,OK
30774,0.327500,5.090000,32.750,166.250,0,OK
30794,0.330000,5.087500,33.000,167.500,0,OK
30814,0.325000,5.091250,32.500,166.250,0,OK
30834,0.327500,5.088750,32.750,166.250,0,OK
30854,0.325000,5.090000,32.500,166.250,0,OK
30874,0.327500,5.088750,32.750,166.250,0,OK
30894,0.327500,5.091250,32.500,166.250,0,OK
30914,0.327500,5.092500,32.750,166.250,0,OK
30934,0.327500,5.090000,32.750,166.250,0,OK
30954,0.327500,5.090000,32.750,166.250,0,OK
30974,0.327500,5.090000,32.750,166.250,0,OK
30994,0.327500,5.091250,32.750,166.250,0,OK
31014,0.327500,5.088750,32.750,166.250,0,OK
31034,0.327500,5.090000,32.750,166.250,0,OK
31054,0.327500,5.090000,32.750,166.250,0,OK
31074,0.327500,5.091250,32.750,166.250,0,OK
31094,0.325000,5.091250,32.750,166.250,0,OK
31114,0.325000,5.091250,32.750,166.250,0,OK
31134,0.330000,5.085000,33.000,167.500,0,OK
31154,0.327500,5.092500,32.750,166.250,0,OK
31174,0.325000,5.091250,32.500,166.250,0,OK
31194,0.327500,5.091250,32.750,166.250,0,OK
31214,0.327500,5.091250,32.750,166.250,0,OK
31234,0.337500,5.091250,32.750,166.250,0,OK
31254,0.325000,5.090000,32.500,166.250,0,OK
31274,0.330000,5.092500,32.750,167.500,0,OK
31294,0.325000,5.091250,32.500,166.250,0,OK
31314,0.327500,5.086250,32.750,166.250,0,OK
31334,0.327500,5.090000,32.750,166.250,0,OK
31354,0.322500,5.090000,32.250,163.750,0,OK
31374,0.327500,5.091250,32.750,166.250,0,OK
31394,0.327500,5.091250,32.750,166.250,0,OK
31414,0.325000,5.090000,33.000,167.500,0,OK
31434,0.327500,5.091250,32.250,163.750,0,OK
31454,0.327500,5.090000,32.750,166.250,0,OK
31474,0.327500,5.091250,32.750,166.250,0,OK
31494,0.327500,5.091250,32.750,166.250,0,OK
31514,0.325000,5.092500,32.500,166.250,0,OK
31534,0.327500,5.091250,32.750,166.250,0,OK
31554,0.327500,5.090000,32.750,166.250,0,OK
31574,0.327500,5.091250,32.750,166.250,0,OK
31594,0.330000,5.092500,32.750,166.250,0,OK
31614,0.327500,5.091250,32.750,166.250,0,OK
31634,0.327500,5.090000,32.500,166.250,0,OK
31654,0.327500,5.086250,32.750,166.250,0,OK
31674,0.325000,5.090000,32.500,166.250,0,OK
31694,0.327500,5.091250,32.750,166.250,0,OK
31714,0.325000,5.090000,32.500,166.250,0,OK
31734,0.327500,5.088750,32.750,166.250,0,OK
31754,0.330000,5.090000,33.000,167.500,0,OK
31774,0.325000,5.090000,32.750,166.250,0,OK
31794,0.327500,5.091250,32.500,166.250,0,OK
31814,0.325000,5.091250,32.500,166.250,0,OK
31834,0.327500,5.087500,32.750,166.250,0,OK
31854,0.325000,5.091250,32.500,166.250,0,OK
31874,0.327500,5.090000,32.750,166.250,0,OK
31894,0.327500,5.091250,32.750,166.250,0,OK
31914,0.327500,5.090000,32.750,166.250,0,OK
31934,0.327500,5.091250,32.750,166.250,0,OK
31954,0.327500,5.090000,32.750,166.250,0,OK
31974,0.327500,5.091250,32.500,166.250,0,OK
31994,0.327500,5.086250,32.750,166.250,0,OK
32014,0.327500,5.092500,32.750,166.250,0,OK
32034,0.327500,5.090000,32.750,166.250,0,OK
32054,0.327500,5.090000,32.750,166.250,0,OK
32074,0.330000,5.091250,33.000,167.500,0,OK
32094,0.327500,5.091250,32.750,166.250,0,OK
32114,0.330000,5.092500,32.750,166.250,0,OK
32134,0.325000,5.091250,32.750,166.250,0,OK
32154,0.327500,5.090000,32.750,166.250,0,OK
32174,0.325000,5.087500,32.500,166.250,0,OK
32194,0.327500,5.092500,32.750,166.250,0,OK
32214,0.327500,5.090000,32.750,166.250,0,OK
32234,0.327500,5.090000,32.750,166.250,0,OK
32254,0.327500,5.091250,32.750,166.250,0,OK
32274,0.327500,5.090000,32.750,166.250,0,OK
32294,0.327500,5.090000,32.500,166.250,0,OK
32314,0.327500,5.090000,32.750,166.250,0,OK
32334,0.327500,5.090000,32.750,166.250,0,OK
32354,0.327500,5.090000,32.750,166.250,0,OK
32374,0.327500,5.090000,32.750,166.250,0,OK
32394,0.325000,5.091250,32.500,166.250,0,OK
32414,0.327500,5.090000,32.750,166.250,0,OK
32434,0.325000,5.091250,32.500,166.250,0,OK
32454,0.325000,5.091250,32.750,166.250,0,OK
32474,0.325000,5.090000,33.000,167.500,0,OK
32494,0.327500,5.092500,32.750,166.250,0,OK
32514,0.327500,5.085000,32.750,166.250,0,OK
32534,0.325000,5.091250,32.500,166.250,0,OK
32554,0.325000,5.091250,32.500,166.250,0,OK
32574,0.327500,5.091250,32.750,166.250,0,OK
32594,0.327500,5.090000,32.750,166.250,0,OK
32614,0.327500,5.091250,32.500,166.250,0,OK
32634,0.330000,5.091250,32.750,166.250,0,OK
32654,0.327500,5.090000,32.500,166.250,0,OK
32674,0.327500,5.091250,32.750,166.250,0,OK
32694,0.327500,5.090000,32.750,166.250,0,OK
32714,0.327500,5.090000,32.750,166.250,0,OK
32734,0.327500,5.090000,32.750,166.250,0,OK
32754,0.325000,5.090000,32.500,166.250,0,OK
32774,0.327500,5.090000,32.750,166.250,0,OK
32794,0.325000,5.090000,32.500,166.250,0,OK
32814,0.327500,5.092500,32.250,163.750,0,OK
32834,0.327500,5.090000,32.750,166.250,0,OK
32854,0.327500,5.086250,32.750,166.250,0,OK
32874,0.330000,5.092500,33.000,167.500,0,OK
32894,0.327500,5.091250,32.750,166.250,0,OK
32914,0.327500,5.091250,32.750,166.250,0,OK
32934,0.327500,5.091250,32.750,166.250,0,OK
32954,0.330000,5.091250,33.000,167.500,0,OK
32974,0.330000,5.091250,33.000,167.500,0,OK
32994,0.327500,5.092500,32.250,163.750,0,OK
33014,0.327500,5.092500,33.000,166.250,0,OK
33034,0.327500,5.087500,32.750,166.250,0,OK
33054,0.327500,5.092500,32.750,166.250,0,OK
33074,0.327500,5.092500,32.750,166.250,0,OK
33094,0.327500,5.092500,32.750,166.250,0,OK
33114,0.327500,5.092500,32.750,166.250,0,OK
33134,0.322500,5.091250,32.750,166.250,0,OK
33154,0.327500,5.091250,32.750,166.250,0,OK
33174,0.327500,5.090000,32.750,166.250,0,OK
33194,0.327500,5.091250,32.750,166.250,0,OK
33214,0.327500,5.091250,32.750,166.250,0,OK
33234,0.327500,5.091250,32.750,166.250,0,OK
33254,0.325000,5.090000,32.500,166.250,0,OK
33274,0.325000,5.093750,32.500,166.250,0,OK
33294,0.327500,5.092500,32.750,166.250,0,OK
33314,0.330000,5.091250,33.000,167.500,0,OK
33334,0.327500,5.090000,33.000,167.500,0,OK
33354,0.327500,5.091250,32.500,166.250,0,OK
33374,0.330000,5.087500,33.000,167.500,0,OK
33394,0.327500,5.091250,32.750,166.250,0,OK
33414,0.327500,5.091250,32.750,166.250,0,OK
33434,0.325000,5.091250,32.500,166.250,0,OK
33454,0.325000,5.091250,32.500,166.250,0,OK
33474,0.335000,5.092500,32.750,166.250,0,OK
33494,0.327500,5.092500,32.750,166.250,0,OK
33514,0.325000,5.091250,32.750,166.250,0,OK
33534,0.327500,5.091250,32.750,166.250,0,OK
33554,0.327500,5.088750,32.750,166.250,0,OK
33574,0.327500,5.091250,32.750,166.250,0,OK
33594,0.327500,5.091250,32.750,166.250,0,OK
33614,0.330000,5.092500,33.000,167.500,0,OK
33634,0.327500,5.091250,32.750,166.250,0,OK
33654,0.330000,5.091250,32.750,166.250,0,OK
33674,0.327500,5.092500,32.500,166.250,0,OK
33694,0.327500,5.091250,32.750,166.250,0,OK
33714,0.327500,5.091250,32.750,166.250,0,OK
33734,0.325000,5.090000,32.500,166.250,0,OK
33754,0.327500,5.091250,32.750,166.250,0,OK
33774,0.327500,5.092500,32.750,166.250,0,OK
33794,0.325000,5.092500,32.500,166.250,0,OK
33814,0.327500,5.091250,32.750,166.250,0,OK
33834,0.327500,5.090000,32.750,166.250,0,OK
33854,0.327500,5.090000,32.750,166.250,0,OK
33874,0.327500,5.092500,32.500,166.250,0,OK
33894,0.327500,5.087500,32.750,166.250,0,OK
33914,0.327500,5.092500,32.750,166.250,0,OK
33934,0.325000,5.091250,32.500,166.250,0,OK
33954,0.327500,5.091250,32.750,166.250,0,OK
33974,0.330000,5.092500,33.000,167.500,0,OK
33994,0.327500,5.091250,32.750,166.250,0,OK
34014,0.325000,5.091250,32.750,166.250,0,OK
34034,0.327500,5.090000,32.750,166.250,0,OK
34054,0.330000,5.091250,33.000,167.500,0,OK
34074,0.330000,5.090000,33.000,167.500,0,OK
34094,0.330000,5.092500,33.000,167.500,0,OK
34114,0.327500,5.092500,32.750,166.250,0,OK
34134,0.327500,5.090000,32.750,166.250,0,OK
34154,0.327500,5.090000,32.750,166.250,0,OK
34174,0.327500,5.092500,32.750,166.250,0,OK
34194,0.327500,5.092500,32.750,166.250,0,OK
34214,0.327500,5.092500,33.000,166.250,0,OK
34234,0.325000,5.085000,32.500,166.250,0,OK
34254,0.330000,5.091250,33.000,167.500,0,OK
34274,0.327500,5.092500,32.750,166.250,0,OK
34294,0.327500,5.092500,32.750,166.250,0,OK
34314,0.327500,5.093750,32.750,166.250,0,OK
34334,0.325000,5.091250,32.500,166.250,0,OK
34354,0.330000,5.090000,32.750,166.250,0,OK
34374,0.327500,5.093750,32.500,166.250,0,OK
34394,0.327500,5.092500,32.750,166.250,0,OK
34414,0.330000,5.087500,33.000,167.500,0,OK
34434,0.330000,5.091250,33.000,167.500,0,OK
34454,0.327500,5.092500,32.750,166.250,0,OK
34474,0.327500,5.092500,32.750,166.250,0,OK
34494,0.330000,5.091250,33.000,167.500,0,OK
34514,0.327500,5.091250,32.750,166.250,0,OK
34534,0.327500,5.091250,32.750,166.250,0,OK
34554,0.327500,5.090000,33.000,166.250,0,OK
34574,0.325000,5.092500,32.500,166.250,0,OK
34594,0.327500,5.091250,32.750,166.250,0,OK
34614,0.327500,5.092500,32.750,166.250,0,OK
34634,0.325000,5.091250,32.500,166.250,0,OK
34654,0.327500,5.091250,32.750,166.250,0,OK
34674,0.327500,5.091250,32.750,166.250,0,OK
34694,0.327500,5.092500,32.750,166.250,0,OK
34714,0.325000,5.091250,32.750,166.250,0,OK
34734,0.325000,5.090000,33.000,166.250,0,OK
34754,0.327500,5.087500,32.750,166.250,0,OK
34774,0.327500,5.090000,32.750,166.250,0,OK
34794,0.327500,5.091250,32.750,166.250,0,OK
34814,0.325000,5.091250,32.500,166.250,0,OK
34834,0.327500,5.091250,32.750,166.250,0,OK
34854,0.332500,5.090000,32.500,166.250,0,OK
34874,0.327500,5.091250,33.000,167.500,0,OK
34894,0.327500,5.091250,33.000,166.250,0,OK
34914,0.325000,5.090000,32.500,166.250,0,OK
34934,0.327500,5.087500,32.750,166.250,0,OK
34954,0.325000,5.091250,32.500,166.250,0,OK
34974,0.327500,5.092500,32.750,166.250,0,OK
34994,0.327500,5.091250,32.750,166.250,0,OK
35014,0.325000,5.091250,32.500,166.250,0,OK
35034,0.327500,5.090000,32.750,166.250,0,OK
35054,0.327500,5.091250,33.000,167.500,0,OK
35074,0.327500,5.092500,32.750,166.250,0,OK
35094,0.325000,5.091250,32.500,166.250,0,OK
35114,0.330000,5.091250,33.000,167.500,0,OK
35134,0.327500,5.090000,32.750,166.250,0,OK
35154,0.325000,5.090000,32.500,166.250,0,OK
35174,0.327500,5.091250,32.750,166.250,0,OK
35194,0.325000,5.091250,32.500,166.250,0,OK
35214,0.325000,5.091250,33.000,167.500,0,OK
35234,0.327500,5.091250,32.500,166.250,0,OK
35254,0.325000,5.091250,32.750,166.250,0,OK
35274,0.327500,5.088750,32.750,166.250,0,OK
35294,0.325000,5.093750,32.500,166.250,0,OK
35314,0.330000,5.092500,33.000,167.500,0,OK
35334,0.327500,5.091250,32.750,166.250,0,OK
35354,0.330000,5.091250,33.000,167.500,0,OK
35374,0.330000,5.092500,32.750,166.250,0,OK
35394,0.325000,5.091250,32.750,166.250,0,OK
35414,0.327500,5.091250,32.750,166.250,0,OK
35434,0.327500,5.090000,32.750,166.250,0,OK
35454,0.327500,5.088750,32.750,166.250,0,OK
35474,0.327500,5.091250,32.750,166.250,0,OK
35494,0.327500,5.090000,32.750,166.250,0,OK
35514,0.327500,5.092500,32.750,166.250,0,OK
35534,0.330000,5.091250,33.000,167.500,0,OK
35554,0.327500,5.090000,33.000,167.500,0,OK
35574,0.325000,5.091250,32.500,166.250,0,OK
35594,0.325000,5.090000,32.750,166.250,0,OK
35614,0.330000,5.087500,33.000,167.500,0,OK
35634,0.327500,5.090000,32.750,166.250,0,OK
35654,0.330000,5.090000,33.000,167.500,0,OK
35674,0.327500,5.090000,32.750,166.250,0,OK
35694,0.327500,5.090000,32.750,166.250,0,OK
35714,0.335000,5.091250,32.500,166.250,0,OK
35734,0.327500,5.090000,32.750,166.250,0,OK
35754,0.327500,5.090000,32.500,166.250,0,OK
35774,0.330000,5.092500,33.000,167.500,0,OK
35794,0.330000,5.090000,33.000,167.500,0,OK
35814,0.325000,5.093750,32.500,166.250,0,OK
35834,0.327500,5.090000,32.750,166.250,0,OK
35854,0.327500,5.093750,32.750,166.250,0,OK
35874,0.325000,5.091250,32.500,166.250,0,OK
35894,0.327500,5.092500,32.750,166.250,0,OK
35914,0.327500,5.091250,32.750,166.250,0,OK
35934,0.325000,5.088750,32.750,166.250,0,OK
35954,0.327500,5.090000,32.750,166.250,0,OK
35974,0.330000,5.088750,33.000,167.500,0,OK
35994,0.327500,5.091250,32.750,166.250,0,OK
36014,0.330000,5.091250,33.000,167.500,0,OK
36034,0.327500,5.091250,32.750,166.250,0,OK
36054,0.327500,5.090000,32.750,166.250,0,OK
36074,0.327500,5.091250,33.000,167.500,0,OK
36094,0.327500,5.090000,32.750,166.250,0,OK
36114,0.325000,5.090000,32.750,166.250,0,OK
36134,0.327500,5.086250,32.750,166.250,0,OK
36154,0.327500,5.091250,32.750,166.250,0,OK
36174,0.327500,5.092500,32.750,166.250,0,OK
36194,0.327500,5.092500,32.750,166.250,0,OK
36214,0.327500,5.091250,32.750,166.250,0,OK
36234,0.330000,5.091250,32.750,166.250,0,OK
36254,0.325000,5.090000,32.750,166.250,0,OK
36274,0.330000,5.090000,32.750,167.500,0,OK
36294,0.327500,5.091250,32.750,166.250,0,OK
36314,0.327500,5.088750,32.750,166.250,0,OK
36334,0.325000,5.090000,32.500,166.250,0,OK
36354,0.327500,5.091250,32.750,166.250,0,OK
36374,0.327500,5.092500,32.750,166.250,0,OK
36394,0.327500,5.091250,32.750,166.250,0,OK
36414,0.330000,5.092500,33.000,167.500,0,OK
36434,0.327500,5.092500,33.000,167.500,0,OK
36454,0.327500,5.090000,33.000,166.250,0,OK
36474,0.327500,5.087500,32.750,166.250,0,OK
36494,0.327500,5.091250,32.750,166.250,0,OK
36514,0.330000,5.091250,33.000,167.500,0,OK
36534,0.327500,5.091250,32.750,166.250,0,OK
36554,0.327500,5.091250,32.750,166.250,0,OK
36574,0.327500,5.091250,32.750,166.250,0,OK
36594,0.330000,5.091250,32.750,166.250,0,OK
36614,0.327500,5.091250,33.000,167.500,0,OK
36634,0.327500,5.090000,32.750,166.250,0,OK
36654,0.327500,5.090000,32.750,166.250,0,OK
36674,0.327500,5.092500,32.750,166.250,0,OK
36694,0.327500,5.091250,32.750,166.250,0,OK
36714,0.327500,5.093750,32.750,166.250,0,OK
36734,0.327500,5.090000,32.750,166.250,0,OK
36754,0.330000,5.090000,32.750,166.250,0,OK
36774,0.330000,5.090000,32.750,166.250,0,OK
36794,0.327500,5.090000,32.750,166.250,0,OK
36814,0.327500,5.092500,32.750,166.250,0,OK
36834,0.330000,5.090000,33.000,167.500,0,OK
36854,0.327500,5.092500,32.750,166.250,0,OK
36874,0.325000,5.091250,32.500,166.250,0,OK
36894,0.327500,5.093750,32.750,166.250,0,OK
36914,0.327500,5.091250,32.750,166.250,0,OK
36934,0.327500,5.090000,32.500,166.250,0,OK
36954,0.327500,5.091250,32.750,166.250,0,OK
36974,0.327500,5.091250,32.750,166.250,0,OK
36994,0.325000,5.087500,32.500,166.250,0,OK
37014,0.330000,5.091250,33.000,167.500,0,OK
37034,0.327500,5.090000,32.750,166.250,0,OK
37054,0.327500,5.091250,32.750,166.250,0,OK
37074,0.327500,5.091250,32.750,166.250,0,OK
37094,0.335000,5.092500,32.750,166.250,0,OK
37114,0.327500,5.091250,32.750,166.250,0,OK
37134,0.327500,5.090000,32.750,166.250,0,OK
37154,0.325000,5.090000,32.500,166.250,0,OK
37174,0.327500,5.088750,32.750,166.250,0,OK
37194,0.322500,5.092500,32.250,163.750,0,OK
37214,0.330000,5.093750,33.000,167.500,0,OK
37234,0.327500,5.091250,32.750,166.250,0,OK
37254,0.327500,5.091250,32.750,166.250,0,OK
37274,0.327500,5.092500,32.750,166.250,0,OK
37294,0.330000,5.092500,32.750,166.250,0,OK
37314,0.327500,5.092500,32.750,166.250,0,OK
37334,0.327500,5.090000,32.750,166.250,0,OK
37354,0.332500,5.090000,33.250,170.000,0,OK
37374,0.327500,5.091250,32.750,166.250,0,OK
37394,0.325000,5.090000,32.500,166.250,0,OK
37414,0.327500,5.092500,32.750,166.250,0,OK
37434,0.327500,5.091250,32.750,166.250,0,OK
37454,0.327500,5.090000,32.750,166.250,0,OK
37474,0.327500,5.090000,32.750,166.250,0,OK
37494,0.327500,5.090000,33.000,166.250,0,OK
37514,0.325000,5.088750,32.500,166.250,0,OK
37534,0.330000,5.091250,33.000,167.500,0,OK
37554,0.327500,5.092500,32.750,166.250,0,OK
37574,0.327500,5.091250,32.750,166.250,0,OK
37594,0.327500,5.093750,32.750,166.250,0,OK
37614,0.327500,5.092500,32.750,166.250,0,OK
37634,0.327500,5.091250,32.750,166.250,0,OK
37654,0.332500,5.091250,32.750,167.500,0,OK
37674,0.327500,5.093750,32.750,166.250,0,OK
37694,0.327500,5.090000,32.750,166.250,0,OK
37714,0.325000,5.092500,32.500,166.250,0,OK
37734,0.330000,5.091250,33.000,167.500,0,OK
37754,0.330000,5.091250,33.000,167.500,0,OK
37774,0.327500,5.091250,32.750,166.250,0,OK
37794,0.327500,5.091250,32.750,166.250,0,OK
37814,0.327500,5.088750,32.750,166.250,0,OK
37834,0.327500,5.088750,32.750,166.250,0,OK
37854,0.330000,5.087500,33.000,167.500,0,OK
37874,0.327500,5.092500,32.750,166.250,0,OK
37894,0.325000,5.091250,32.500,166.250,0,OK
37914,0.330000,5.091250,33.000,167.500,0,OK
37934,0.327500,5.091250,32.750,166.250,0,OK
37954,0.337500,5.091250,32.500,166.250,0,OK
37974,0.327500,5.091250,32.500,166.250,0,OK
37994,0.325000,5.091250,32.500,166.250,0,OK
38014,0.327500,5.092500,32.750,166.250,0,OK
38034,0.327500,5.087500,32.750,166.250,0,OK
38054,0.327500,5.092500,32.750,166.250,0,OK
38074,0.327500,5.091250,32.750,166.250,0,OK
38094,0.327500,5.092500,32.750,166.250,0,OK
38114,0.327500,5.091250,32.750,166.250,0,OK
38134,0.325000,5.091250,32.750,166.250,0,OK
38154,0.330000,5.091250,33.000,167.500,0,OK
38174,0.332500,5.093750,32.750,167.500,0,OK
38194,0.330000,5.092500,33.000,167.500,0,OK
38214,0.327500,5.091250,32.750,166.250,0,OK
38234,0.327500,5.091250,32.750,166.250,0,OK
38254,0.325000,5.091250,32.500,166.250,0,OK
38274,0.327500,5.093750,32.750,166.250,0,OK
38294,0.327500,5.091250,32.750,166.250,0,OK
38314,0.327500,5.091250,32.750,166.250,0,OK
38334,0.327500,5.090000,32.750,166.250,0,OK
38354,0.325000,5.091250,32.750,166.250,0,OK
38374,0.327500,5.087500,32.750,166.250,0,OK
38394,0.327500,5.092500,32.750,166.250,0,OK
38414,0.327500,5.092500,32.750,166.250,0,OK
38434,0.327500,5.092500,32.750,166.250,0,OK
38454,0.327500,5.091250,32.750,166.250,0,OK
38474,0.332500,5.092500,32.500,166.250,0,OK
38494,0.325000,5.092500,32.500,166.250,0,OK
38514,0.327500,5.092500,32.750,166.250,0,OK
38534,0.327500,5.090000,32.750,166.250,0,OK
38554,0.327500,5.088750,32.750,166.250,0,OK
38574,0.327500,5.090000,32.750,166.250,0,OK
38594,0.327500,5.092500,32.750,166.250,0,OK
38614,0.330000,5.092500,33.000,167.500,0,OK
38634,0.325000,5.091250,32.500,166.250,0,OK
38654,0.327500,5.091250,32.750,166.250,0,OK
38674,0.327500,5.090000,33.000,167.500,0,OK
38694,0.327500,5.092500,32.500,166.250,0,OK
38714,0.325000,5.087500,32.500,166.250,0,OK
38734,0.330000,5.091250,33.000,167.500,0,OK
38754,0.327500,5.092500,32.750,166.250,0,OK
38774,0.327500,5.092500,32.750,166.250,0,OK
38794,0.327500,5.091250,32.750,166.250,0,OK
38814,0.330000,5.091250,33.000,167.500,0,OK
38834,0.327500,5.090000,32.750,166.250,0,OK
38854,0.327500,5.090000,32.750,166.250,0,OK
38874,0.327500,5.090000,32.750,166.250,0,OK
38894,0.330000,5.088750,33.000,167.500,0,OK
38914,0.327500,5.091250,32.750,166.250,0,OK
38934,0.327500,5.090000,32.750,166.250,0,OK
38954,0.330000,5.090000,33.000,167.500,0,OK
38974,0.330000,5.092500,33.000,167.500,0,OK
38994,0.327500,5.091250,33.000,167.500,0,OK
39014,0.327500,5.092500,32.500,166.250,0,OK
39034,0.327500,5.090000,32.750,166.250,0,OK
39054,0.330000,5.091250,33.000,167.500,0,OK
39074,0.327500,5.090000,32.750,166.250,0,OK
39094,0.330000,5.091250,33.000,167.500,0,OK
39114,0.327500,5.091250,32.750,166.250,0,OK
39134,0.327500,5.090000,32.750,166.250,0,OK
39154,0.327500,5.090000,32.750,166.250,0,OK
39174,0.325000,5.090000,32.750,166.250,0,OK
39194,0.327500,5.092500,33.000,167.500,0,OK
39214,0.327500,5.092500,32.750,166.250,0,OK
39234,0.330000,5.086250,33.000,167.500,0,OK
39254,0.327500,5.091250,32.750,166.250,0,OK
39274,0.327500,5.092500,32.750,166.250,0,OK
39294,0.327500,5.092500,32.750,166.250,0,OK
39314,0.327500,5.091250,32.750,166.250,0,OK
39334,0.332500,5.090000,32.250,163.750,0,OK
39354,0.327500,5.090000,32.750,166.250,0,OK
39374,0.327500,5.091250,32.750,166.250,0,OK
39394,0.327500,5.092500,32.750,166.250,0,OK
39414,0.327500,5.086250,32.750,166.250,0,OK
39434,0.327500,5.090000,32.750,166.250,0,OK
39454,0.327500,5.093750,32.750,166.250,0,OK
39474,0.330000,5.091250,33.000,167.500,0,OK
39494,0.327500,5.091250,32.750,166.250,0,OK
39514,0.330000,5.091250,32.750,166.250,0,OK
39534,0.330000,5.090000,32.500,166.250,0,OK
39554,0.327500,5.091250,32.500,166.250,0,OK
39574,0.330000,5.088750,33.000,167.500,0,OK
39594,0.327500,5.092500,32.750,166.250,0,OK
39614,0.327500,5.091250,32.750,166.250,0,OK
39634,0.327500,5.090000,32.750,166.250,0,OK
39654,0.327500,5.090000,32.750,166.250,0,OK
39674,0.327500,5.090000,32.750,166.250,0,OK
39694,0.327500,5.091250,32.750,166.250,0,OK
39714,0.327500,5.090000,32.750,166.250,0,OK
39734,0.327500,5.088750,32.750,166.250,0,OK
39754,0.327500,5.086250,32.750,166.250,0,OK
39774,0.327500,5.090000,32.750,166.250,0,OK
39794,0.330000,5.092500,33.000,167.500,0,OK
39814,0.327500,5.092500,32.750,166.250,0,OK
39834,0.325000,5.091250,32.500,166.250,0,OK
39854,0.330000,5.090000,33.000,167.500,0,OK
39874,0.325000,5.091250,33.000,167.500,0,OK
39894,0.327500,5.091250,32.750,166.250,0,OK
39914,0.327500,5.091250,32.750,166.250,0,OK
39934,0.332500,5.088750,33.250,170.000,0,OK
39954,0.325000,5.091250,32.500,166.250,0,OK
39974,0.325000,5.091250,32.500,166.250,0,OK
39994,0.327500,5.091250,32.750,166.250,0,OK
