condition,run,source_file,tx_bytes,period_ms,top_percent,cpu_I_idle_mA,cpu_I_active_mA,cpu_active_minus_idle_mA,active_start_s,active_end_s,active_mean_mA,active_std_mA,active_min_mA,active_max_mA,active_top5_mean_mA,active_top5_minus_mean_mA,final_idle_start_s,final_idle_end_s,final_idle_mean_mA,final_idle_std_mA,final_idle_min_mA,final_idle_max_mA,final_idle_top5_mean_mA,final_idle_top5_minus_mean_mA,active_mean_minus_final_idle_mean_mA,active_top5_minus_final_idle_top5_mA,excess_top5_mA,relative_excess_top5_gain,relative_active_top5_vs_idle_top5_gain
uart_256B_100ms,run1,data/processed/v3_ppk/peripheral/uart_tx_only/uart_256B_100ms/aligned_uart_256B_100ms_uart_256B_100ms_run1.csv,256,100,5.0,47.2668,67.4556,20.1888,20.0,30.0,47.241656488716,1.3570823322417271,41.579641,61.205496,49.9428347935969,2.701178304880898,32.0,39.0,46.69907568670429,1.3605024866634683,38.682355,53.922609,49.28751971747287,2.588444030768578,0.5425808020117131,0.6553150761240332,0.11273427411232007,0.005584000738643211,0.0324593376587035
uart_256B_100ms,run10,data/processed/v3_ppk/peripheral/uart_tx_only/uart_256B_100ms/aligned_uart_256B_100ms_uart_256B_100ms_run10.csv,256,100,5.0,47.2668,67.4556,20.1888,20.0,30.0,46.720293602008,1.408260697359051,40.130668,62.664059,49.35290107221907,2.63260747021107,32.0,39.0,46.50684626423,1.358007779086889,41.579641,53.922609,49.27162408202139,2.7647778177913906,0.21344733777799973,0.08127699019767931,-0.13217034758032042,-0.006546716376422592,0.004025845528098713
uart_256B_100ms,run2,data/processed/v3_ppk/peripheral/uart_tx_only/uart_256B_100ms/aligned_uart_256B_100ms_uart_256B_100ms_run2.csv,256,100,5.0,47.2668,67.4556,20.1888,20.0,30.0,46.680440477027005,1.3770456690320645,40.85507,61.205496,49.34469604375144,2.664255566724435,32.0,39.0,46.59397462192429,1.3407343615386127,40.130668,53.922609,49.27104349258382,2.6770688706595323,0.0864658551027162,0.07365255116761915,-0.012813303935097053,-0.0006346738753713471,0.003648188657454586
uart_256B_100ms,run3,data/processed/v3_ppk/peripheral/uart_tx_only/uart_256B_100ms/aligned_uart_256B_100ms_uart_256B_100ms_run3.csv,256,100,5.0,47.2668,67.4556,20.1888,20.0,30.0,46.73841953541899,1.388147467116759,40.85507,61.934695,49.3449217803914,2.606502244972411,32.0,39.0,46.98813002578714,1.3640245402282039,40.85507,55.377863,49.31397716946952,2.325847143682374,-0.24971049036815174,0.030944610921885385,0.2806551012900371,0.013901524671601934,0.0015327612796147063
uart_256B_100ms,run4,data/processed/v3_ppk/peripheral/uart_tx_only/uart_256B_100ms/aligned_uart_256B_100ms_uart_256B_100ms_run4.csv,256,100,5.0,47.2668,67.4556,20.1888,20.0,30.0,46.493674341383,1.3654323950661413,40.130668,61.205496,49.34304513976912,2.8493707983861185,32.0,39.0,46.613228352587136,1.3661133436875317,40.130668,54.650156,49.284954504823794,2.6717261522366584,-0.11955401120413711,0.05809063494532296,0.17764464614946007,0.008799168160042205,0.002877369380315965
uart_256B_100ms,run5,data/processed/v3_ppk/peripheral/uart_tx_only/uart_256B_100ms/aligned_uart_256B_100ms_uart_256B_100ms_run5.csv,256,100,5.0,47.2668,67.4556,20.1888,20.0,30.0,46.685331416237005,1.396311481782086,40.130668,61.205496,49.3527272647123,2.6673958484752944,32.0,39.0,46.634301432368574,1.344035168837934,40.85507,53.922609,49.271424355522214,2.6371229231536404,0.05102998386843183,0.08130290919008587,0.030272925321654043,0.0014994910703783307,0.004027129358361362
uart_256B_100ms,run6,data/processed/v3_ppk/peripheral/uart_tx_only/uart_256B_100ms/aligned_uart_256B_100ms_uart_256B_100ms_run6.csv,256,100,5.0,47.2668,67.4556,20.1888,20.0,30.0,47.049151631083,1.375286915602963,41.579641,61.205496,49.954598850483336,2.9054472194003367,32.0,39.0,46.814746565644285,1.3779016216093998,40.85507,53.922609,49.30248719668879,2.4877406310445025,0.23440506543871464,0.6521116537945488,0.4177065883558342,0.020690015669868153,0.03230066441762506
uart_256B_100ms,run7,data/processed/v3_ppk/peripheral/uart_tx_only/uart_256B_100ms/aligned_uart_256B_100ms_uart_256B_100ms_run7.csv,256,100,5.0,47.2668,67.4556,20.1888,20.0,30.0,46.83569228426,1.3918850868505492,40.85507,61.205496,49.34901423665963,2.513321952399629,32.0,39.0,46.72019300053571,1.3679197644454217,41.579641,53.922609,49.293553825631584,2.5733608250958753,0.11549928372429008,0.055460411028043666,-0.060038872696246415,-0.002973870299187986,0.002747088040301735
uart_256B_100ms,run8,data/processed/v3_ppk/peripheral/uart_tx_only/uart_256B_100ms/aligned_uart_256B_100ms_uart_256B_100ms_run8.csv,256,100,5.0,47.2668,67.4556,20.1888,20.0,30.0,46.845096386198,1.395154005822413,40.130668,61.205496,49.35314117774984,2.508044791551839,32.0,39.0,46.69867992782286,1.3612759596988324,41.579641,54.650156,49.290535926603674,2.591855998780815,0.1464164583751426,0.06260525114616655,-0.08381120722897606,-0.00415137141528848,0.0031009892190802103
uart_256B_100ms,run9,data/processed/v3_ppk/peripheral/uart_tx_only/uart_256B_100ms/aligned_uart_256B_100ms_uart_256B_100ms_run9.csv,256,100,5.0,47.2668,67.4556,20.1888,20.0,30.0,46.78719904795495,1.3948236338635975,40.130668,60.476465,49.34616246356757,2.5589634156126237,32.0,39.0,46.904271604644286,1.368533251611299,40.85507,53.922609,49.30544606316963,2.4011744585253467,-0.1170725566893367,0.04071640039794033,0.15778895708727703,0.00781566794892599,0.002016781601578119
uart_512B_100ms,run1,data/processed/v3_ppk/peripheral/uart_tx_only/uart_512B_100ms/aligned_uart_512B_100ms_uart_512B_100ms_run1.csv,512,100,5.0,47.2668,67.4556,20.1888,20.0,30.0,46.95812073079001,1.3932987068773608,40.85507,61.205496,49.36366951855927,2.4055487877692627,32.0,39.0,46.59078433663142,1.3556781869159111,40.85507,54.650156,49.274198327043436,2.6834139904120136,0.36733639415858477,0.08947119151583394,-0.27786520264275083,-0.013763334256753785,0.004431724100285007
uart_512B_100ms,run10,data/processed/v3_ppk/peripheral/uart_tx_only/uart_512B_100ms/aligned_uart_512B_100ms_uart_512B_100ms_run10.csv,512,100,5.0,47.2668,67.4556,20.1888,20.0,30.0,46.320617937213,1.3910187928744884,0.0002,59.747598,48.42347121825609,2.102853281043089,32.0,39.0,46.55108211105,1.3690717706402606,40.130668,54.650156,49.27772256783688,2.726640456786882,-0.23046417383699946,-0.8542513495807924,-0.6237871757437929,-0.03089768464414888,-0.042313131517514285
uart_512B_100ms,run2,data/processed/v3_ppk/peripheral/uart_tx_only/uart_512B_100ms/aligned_uart_512B_100ms_uart_512B_100ms_run2.csv,512,100,5.0,47.2668,67.4556,20.1888,20.0,30.0,46.567972598761,1.394181980826365,40.130668,61.205496,49.36418721856836,2.7962146198073583,32.0,39.0,46.73601088209714,1.3848927167030092,40.130668,55.377863,49.30327773270318,2.567266850606039,-0.1680382833361378,0.06090948586518152,0.22894776920131932,0.011340335691141588,0.0030169938711157433
uart_512B_100ms,run3,data/processed/v3_ppk/peripheral/uart_tx_only/uart_512B_100ms/aligned_uart_512B_100ms_uart_512B_100ms_run3.csv,512,100,5.0,47.2668,67.4556,20.1888,20.0,30.0,46.731618176282005,1.392312646551637,40.130668,60.476465,49.34905359202541,2.617435415743408,32.0,39.0,46.45734071069714,1.3633735817967496,40.130668,56.833781,49.27032173638149,2.8129810256843513,0.2742774655848663,0.07873185564392315,-0.19554560994094317,-0.009685846109770921,0.003899778869666506
uart_512B_100ms,run4,data/processed/v3_ppk/peripheral/uart_tx_only/uart_512B_100ms/aligned_uart_512B_100ms_uart_512B_100ms_run4.csv,512,100,5.0,47.2668,67.4556,20.1888,20.0,30.0,46.703446079817,1.398944685573316,40.130668,60.476465,49.35587035915792,2.65242427934092,32.0,39.0,46.43342509454715,1.3518708106749735,38.682355,53.922609,48.39824315218204,1.9648180576348935,0.2700209852698521,0.9576272069758787,0.6876062217060266,0.03405879605058382,0.047433587284825184
uart_512B_100ms,run5,data/processed/v3_ppk/peripheral/uart_tx_only/uart_512B_100ms/aligned_uart_512B_100ms_uart_512B_100ms_run5.csv,512,100,5.0,47.2668,67.4556,20.1888,20.0,30.0,46.67710482830601,1.409041474069229,40.130668,61.205496,49.36127373986832,2.6841689115623097,32.0,39.0,46.607135578982856,1.3704395535780742,40.130668,53.922609,49.27516101051721,2.6680254315343532,0.06996924932315096,0.08611272935110748,0.016143480027956514,0.000799625536334825,0.004265371361899047
uart_512B_100ms,run6,data/processed/v3_ppk/peripheral/uart_tx_only/uart_512B_100ms/aligned_uart_512B_100ms_uart_512B_100ms_run6.csv,512,100,5.0,47.2668,67.4556,20.1888,20.0,30.0,46.487928384326,1.382214522759759,40.130668,60.476465,49.3672956384072,2.8793672540812025,32.0,39.0,46.55955492726857,1.3757888801990488,38.682355,55.377863,49.28286340951486,2.7233084822462885,-0.07162654294257464,0.08443222889233937,0.156058771834914,0.0077299676966889564,0.004182132117428444
uart_512B_100ms,run7,data/processed/v3_ppk/peripheral/uart_tx_only/uart_512B_100ms/aligned_uart_512B_100ms_uart_512B_100ms_run7.csv,512,100,5.0,47.2668,67.4556,20.1888,20.0,30.0,46.36569046277501,1.3951929331992912,38.682355,60.476465,48.43584576047008,2.0701552976950737,32.0,39.0,46.59586238824715,1.3643639371592622,40.130668,53.922609,49.27495475596301,2.6790923677158602,-0.23017192547214194,-0.8391089954929285,-0.6089370700207866,-0.03016212305935898,-0.04156309416572201
uart_512B_100ms,run8,data/processed/v3_ppk/peripheral/uart_tx_only/uart_512B_100ms/aligned_uart_512B_100ms_uart_512B_100ms_run8.csv,512,100,5.0,47.2668,67.4556,20.1888,20.0,30.0,46.526326992245004,1.3989086913229167,38.682355,61.205496,49.377015805945675,2.850688813700671,32.0,39.0,46.20594968010571,1.3475238010188613,40.130668,53.19523,48.361598684234316,2.1556490041286054,0.32037731213929277,1.0154171217113586,0.6950398095720658,0.03442699960235704,0.050296061267205504
uart_512B_100ms,run9,data/processed/v3_ppk/peripheral/uart_tx_only/uart_512B_100ms/aligned_uart_512B_100ms_uart_512B_100ms_run9.csv,512,100,5.0,47.2668,67.4556,20.1888,20.0,30.0,46.515059956974,1.3938224494867066,40.85507,60.476465,49.381263671614924,2.8662037146409247,32.0,39.0,46.741412361135716,1.368737425932141,40.130668,54.650156,49.290376906825635,2.5489645456899197,-0.22635240416171598,0.09088676478928903,0.317239168951005,0.01571362185721811,0.004501840861729723
uart_64B_100ms,run1,data/processed/v3_ppk/peripheral/uart_tx_only/uart_64B_100ms/aligned_uart_64B_100ms_uart_64B_100ms_run1.csv,64,100,5.0,47.2668,67.4556,20.1888,20.0,30.0,47.269893237127,1.368125274312585,41.579641,60.476465,49.93529928922067,2.6654060520936724,32.0,39.0,47.28219648478857,1.3570464507155813,40.85507,55.377863,49.90073525202559,2.6185387672370197,-0.012303247661570538,0.034564037195082165,0.0468672848566527,0.0023214497571253717,0.0017120402002636197
uart_64B_100ms,run10,data/processed/v3_ppk/peripheral/uart_tx_only/uart_64B_100ms/aligned_uart_64B_100ms_uart_64B_100ms_run10.csv,64,100,5.0,47.2668,67.4556,20.1888,20.0,30.0,47.09603074442101,1.3537869492903962,40.85507,62.664059,49.92949512009474,2.833464375673735,32.0,39.0,46.55670817633429,1.3500762816874106,40.85507,54.650156,49.27661664100937,2.719908464675079,0.5393225680867175,0.6528784790853734,0.11355591099865592,0.005624698397064507,0.03233864712540485
uart_64B_100ms,run2,data/processed/v3_ppk/peripheral/uart_tx_only/uart_64B_100ms/aligned_uart_64B_100ms_uart_64B_100ms_run2.csv,64,100,5.0,47.2668,67.4556,20.1888,20.0,30.0,47.001947566689005,1.3720029260625701,40.130668,60.476465,49.33304444512815,2.3310968784391477,32.0,39.0,47.08816019941857,1.3509636349827514,40.130668,54.650156,49.88345891722647,2.7952987178079027,-0.0862126327295627,-0.5504144720983177,-0.46420183936875503,-0.022993037692619425,-0.027263357510021284
uart_64B_100ms,run3,data/processed/v3_ppk/peripheral/uart_tx_only/uart_64B_100ms/aligned_uart_64B_100ms_uart_64B_100ms_run3.csv,64,100,5.0,47.2668,67.4556,20.1888,20.0,30.0,47.19267558866041,1.3791703245475317,40.130668,61.205496,49.93829025197516,2.745614663314754,32.0,39.0,47.19436680564,1.3568667176620992,41.579641,55.377863,49.89299453523277,2.698627729592772,-0.001691216979594401,0.045295716742387526,0.04698693372198193,0.0023273762542588925,0.002243606194641956
uart_64B_100ms,run4,data/processed/v3_ppk/peripheral/uart_tx_only/uart_64B_100ms/aligned_uart_64B_100ms_uart_64B_100ms_run4.csv,64,100,5.0,47.2668,67.4556,20.1888,20.0,30.0,46.81407171322,1.3924393818935463,41.579641,59.747598,49.331870045020885,2.5177983318008827,32.0,39.0,47.143519643575715,1.3539385326578293,40.85507,53.922609,49.88900138285782,2.7454817392821056,-0.3294479303557125,-0.5571313378369354,-0.22768340748122284,-0.011277708802961188,-0.027596060084647694
uart_64B_100ms,run5,data/processed/v3_ppk/peripheral/uart_tx_only/uart_64B_100ms/aligned_uart_64B_100ms_uart_64B_100ms_run5.csv,64,100,5.0,47.2668,67.4556,20.1888,20.0,30.0,46.723513932791,1.383033633895266,40.130668,61.205496,49.32714611017978,2.603632177388782,32.0,39.0,46.79091296703429,1.3681682511688822,40.130668,53.922609,49.2896783083092,2.498765341274911,-0.0673990342432873,0.03746780187058363,0.10486683611387093,0.005194307542492418,0.0018558706743631928
uart_64B_100ms,run6,data/processed/v3_ppk/peripheral/uart_tx_only/uart_64B_100ms/aligned_uart_64B_100ms_uart_64B_100ms_run6.csv,64,100,5.0,47.2668,67.4556,20.1888,20.0,30.0,46.73338899098601,1.3868426384619155,40.85507,59.747598,49.32989122422134,2.5965022332353342,32.0,39.0,46.77495356132857,1.3794968224766453,41.579641,55.377863,49.29997752629231,2.5250239649637365,-0.04156457034256533,0.029913697929032423,0.07147826827159776,0.0035404911768702326,0.0014816976704426425
uart_64B_100ms,run7,data/processed/v3_ppk/peripheral/uart_tx_only/uart_64B_100ms/aligned_uart_64B_100ms_uart_64B_100ms_run7.csv,64,100,5.0,47.2668,67.4556,20.1888,20.0,30.0,46.650755322082,1.3866061326520787,40.130668,61.205496,49.32686176113719,2.6761064390551894,32.0,39.0,46.53807213453857,1.3427670416800257,40.130668,53.922609,49.26975625280005,2.7316841182614837,0.11268318754343198,0.05710550833713768,-0.055577679206294306,-0.002752896616257247,0.002828573681305361
uart_64B_100ms,run8,data/processed/v3_ppk/peripheral/uart_tx_only/uart_64B_100ms/aligned_uart_64B_100ms_uart_64B_100ms_run8.csv,64,100,5.0,47.2668,67.4556,20.1888,20.0,30.0,46.67380269533431,1.3849458911754489,38.682355,60.476465,49.32229434732744,2.648491651993133,32.0,39.0,46.78841915903429,1.3729235670912239,40.130668,53.922609,49.30128741326775,2.51286825423346,-0.11461646369998135,0.021006934059691673,0.13562339775967303,0.006717754287509561,0.0010405241549617447
uart_64B_100ms,run9,data/processed/v3_ppk/peripheral/uart_tx_only/uart_64B_100ms/aligned_uart_64B_100ms_uart_64B_100ms_run9.csv,64,100,5.0,47.2668,67.4556,20.1888,20.0,30.0,46.446770670875,1.3494420832956118,40.130668,59.747598,48.40159578545725,1.9548251145822562,32.0,39.0,47.00398863434571,1.3520020671143258,40.130668,53.922609,49.309650143227856,2.305661508882146,-0.5572179634707126,-0.9080543577706024,-0.3508363942998898,-0.017377773532844438,-0.04497812439424841
