condition,run,source_file,input_definition,segment,sample_count,MAE_mA,mean_error_mA,median_error_mA,positive_error_ratio
uart_256B_100ms,1,data/processed/v3_ppk/peripheral/uart_tx_only/uart_256B_100ms/aligned_uart_256B_100ms_uart_256B_100ms_run1.csv,occupancy,burst,444496,4.606250061632687,4.600905649936679,4.371054999999835,0.999066358302437
uart_256B_100ms,1,data/processed/v3_ppk/peripheral/uart_tx_only/uart_256B_100ms/aligned_uart_256B_100ms_uart_256B_100ms_run1.csv,occupancy,final_idle,1000001,1.1567577545650254,0.4600237973110473,0.610546000000177,0.5461994538005462
uart_256B_100ms,1,data/processed/v3_ppk/peripheral/uart_tx_only/uart_256B_100ms/aligned_uart_256B_100ms_uart_256B_100ms_run1.csv,occupancy,idle_all,2000000,1.1123708514898893,0.2724658312099231,-0.11534499999982728,0.486074
uart_256B_100ms,1,data/processed/v3_ppk/peripheral/uart_tx_only/uart_256B_100ms/aligned_uart_256B_100ms_uart_256B_100ms_run1.csv,occupancy,initial_idle,999999,1.06798385964086,0.08490748999249184,-0.11534499999999781,0.42594842594842597
uart_256B_100ms,1,data/processed/v3_ppk/peripheral/uart_tx_only/uart_256B_100ms/aligned_uart_256B_100ms_uart_256B_100ms_run1.csv,occupancy,inter_burst,1555504,4.620238500352773,4.614430471583965,4.371054999999835,0.9990151102150814
uart_256B_100ms,1,data/processed/v3_ppk/peripheral/uart_tx_only/uart_256B_100ms/aligned_uart_256B_100ms_uart_256B_100ms_run1.csv,pulse,burst,444496,19.856136195279586,19.854590147911107,20.07345499995082,0.999149598646557
uart_256B_100ms,1,data/processed/v3_ppk/peripheral/uart_tx_only/uart_256B_100ms/aligned_uart_256B_100ms_uart_256B_100ms_run1.csv,pulse,final_idle,1000001,1.1566534332275835,0.45980193741523495,0.610546000000177,0.5461424538575461
uart_256B_100ms,1,data/processed/v3_ppk/peripheral/uart_tx_only/uart_256B_100ms/aligned_uart_256B_100ms_uart_256B_100ms_run1.csv,pulse,idle_all,2000000,1.1123186907690077,0.272354901151087,-0.11534499999982728,0.4860455
uart_256B_100ms,1,data/processed/v3_ppk/peripheral/uart_tx_only/uart_256B_100ms/aligned_uart_256B_100ms_uart_256B_100ms_run1.csv,pulse,initial_idle,999999,1.06798385964086,0.08490748999249184,-0.11534499999999781,0.42594842594842597
uart_256B_100ms,1,data/processed/v3_ppk/peripheral/uart_tx_only/uart_256B_100ms/aligned_uart_256B_100ms_uart_256B_100ms_run1.csv,pulse,inter_burst,1555504,1.1911893121086838,0.25639665123085414,-0.11534499999982728,0.45432477190672604
uart_256B_100ms,2,data/processed/v3_ppk/peripheral/uart_tx_only/uart_256B_100ms/aligned_uart_256B_100ms_uart_256B_100ms_run2.csv,occupancy,burst,444497,5.072241171549723,5.06770783393646,5.096945999999839,0.9992575877902438
uart_256B_100ms,2,data/processed/v3_ppk/peripheral/uart_tx_only/uart_256B_100ms/aligned_uart_256B_100ms_uart_256B_100ms_run2.csv,occupancy,final_idle,1000001,1.2073704164693975,0.6685232146146309,0.610546000000177,0.613070386929613
uart_256B_100ms,2,data/processed/v3_ppk/peripheral/uart_tx_only/uart_256B_100ms/aligned_uart_256B_100ms_uart_256B_100ms_run2.csv,occupancy,idle_all,2000001,1.2178485611346272,0.6667502563977954,0.610546000000177,0.6109576945211528
uart_256B_100ms,2,data/processed/v3_ppk/peripheral/uart_tx_only/uart_256B_100ms/aligned_uart_256B_100ms_uart_256B_100ms_run2.csv,occupancy,initial_idle,1000000,1.228326716278001,0.6649772964080016,0.6105460000000065,0.608845
uart_256B_100ms,2,data/processed/v3_ppk/peripheral/uart_tx_only/uart_256B_100ms/aligned_uart_256B_100ms_uart_256B_100ms_run2.csv,occupancy,inter_burst,1555503,5.063419273039489,5.058400022931968,5.096945999999839,0.9991944727846876
uart_256B_100ms,2,data/processed/v3_ppk/peripheral/uart_tx_only/uart_256B_100ms/aligned_uart_256B_100ms_uart_256B_100ms_run2.csv,pulse,burst,444497,20.32197278347595,20.321393341402256,20.799336659815644,0.9995230563985809
uart_256B_100ms,2,data/processed/v3_ppk/peripheral/uart_tx_only/uart_256B_100ms/aligned_uart_256B_100ms_uart_256B_100ms_run2.csv,pulse,final_idle,1000001,1.2072025825574562,0.6683013547188177,0.610546000000177,0.613019386980613
uart_256B_100ms,2,data/processed/v3_ppk/peripheral/uart_tx_only/uart_256B_100ms/aligned_uart_256B_100ms_uart_256B_100ms_run2.csv,pulse,idle_all,2000001,1.217764644136698,0.6666393263944237,0.610546000000177,0.6109321945339027
uart_256B_100ms,2,data/processed/v3_ppk/peripheral/uart_tx_only/uart_256B_100ms/aligned_uart_256B_100ms_uart_256B_100ms_run2.csv,pulse,initial_idle,1000000,1.228326716278001,0.6649772964080016,0.6105460000000065,0.608845
uart_256B_100ms,2,data/processed/v3_ppk/peripheral/uart_tx_only/uart_256B_100ms/aligned_uart_256B_100ms_uart_256B_100ms_run2.csv,pulse,inter_burst,1555503,1.3139833167157258,0.700366285102522,0.610546000000177,0.5934524073563342
uart_256B_100ms,3,data/processed/v3_ppk/peripheral/uart_tx_only/uart_256B_100ms/aligned_uart_256B_100ms_uart_256B_100ms_run3.csv,occupancy,burst,444486,5.122068640590718,5.117520917455792,5.096945999999839,0.9992508200483254
uart_256B_100ms,3,data/processed/v3_ppk/peripheral/uart_tx_only/uart_256B_100ms/aligned_uart_256B_100ms_uart_256B_100ms_run3.csv,occupancy,final_idle,1000001,1.1227970137240249,0.35184731945952435,0.610546000000177,0.5108634891365109
uart_256B_100ms,3,data/processed/v3_ppk/peripheral/uart_tx_only/uart_256B_100ms/aligned_uart_256B_100ms_uart_256B_100ms_run3.csv,occupancy,idle_all,2000001,1.1382225886887254,0.4065644357747054,0.6105460000000065,0.528162735918632
uart_256B_100ms,3,data/processed/v3_ppk/peripheral/uart_tx_only/uart_256B_100ms/aligned_uart_256B_100ms_uart_256B_100ms_run3.csv,occupancy,initial_idle,1000000,1.1536481790790005,0.46128160680700186,0.6105460000000065,0.545462
uart_256B_100ms,3,data/processed/v3_ppk/peripheral/uart_tx_only/uart_256B_100ms/aligned_uart_256B_100ms_uart_256B_100ms_run3.csv,occupancy,inter_burst,1555514,5.126148111133518,5.121186025570803,5.096945999999839,0.9992285508198576
uart_256B_100ms,3,data/processed/v3_ppk/peripheral/uart_tx_only/uart_256B_100ms/aligned_uart_256B_100ms_uart_256B_100ms_run3.csv,pulse,burst,444486,20.37236883632658,20.371195320276893,20.799345829626084,0.9993318124755335
uart_256B_100ms,3,data/processed/v3_ppk/peripheral/uart_tx_only/uart_256B_100ms/aligned_uart_256B_100ms_uart_256B_100ms_run3.csv,pulse,final_idle,1000001,1.1226227747662294,0.3516254595637126,0.610546000000177,0.5108234891765108
uart_256B_100ms,3,data/processed/v3_ppk/peripheral/uart_tx_only/uart_256B_100ms/aligned_uart_256B_100ms_uart_256B_100ms_run3.csv,pulse,idle_all,2000001,1.1381354691662682,0.40645350577133454,0.6105460000000065,0.528142735928632
uart_256B_100ms,3,data/processed/v3_ppk/peripheral/uart_tx_only/uart_256B_100ms/aligned_uart_256B_100ms_uart_256B_100ms_run3.csv,pulse,initial_idle,1000000,1.1536481790790005,0.46128160680700186,0.6105460000000065,0.545462
uart_256B_100ms,3,data/processed/v3_ppk/peripheral/uart_tx_only/uart_256B_100ms/aligned_uart_256B_100ms_uart_256B_100ms_run3.csv,pulse,inter_burst,1555514,1.33325235962561,0.7631513799846605,0.610546000000177,0.6124515754920882
uart_256B_100ms,4,data/processed/v3_ppk/peripheral/uart_tx_only/uart_256B_100ms/aligned_uart_256B_100ms_uart_256B_100ms_run4.csv,occupancy,burst,444455,5.19869843490654,5.192939877108489,5.096945999999839,0.9991405204126402
uart_256B_100ms,4,data/processed/v3_ppk/peripheral/uart_tx_only/uart_256B_100ms/aligned_uart_256B_100ms_uart_256B_100ms_run4.csv,occupancy,final_idle,1000001,1.2220854611899579,0.6539613429435014,0.610546000000177,0.6064443935556064
uart_256B_100ms,4,data/processed/v3_ppk/peripheral/uart_tx_only/uart_256B_100ms/aligned_uart_256B_100ms_uart_256B_100ms_run4.csv,occupancy,idle_all,2000000,1.1930480648212098,0.5683133907979231,0.6105460000000065,0.579634
uart_256B_100ms,4,data/processed/v3_ppk/peripheral/uart_tx_only/uart_256B_100ms/aligned_uart_256B_100ms_uart_256B_100ms_run4.csv,occupancy,initial_idle,999999,1.1640106103776107,0.48266526735626925,0.6105460000000065,0.5528235528235528
uart_256B_100ms,4,data/processed/v3_ppk/peripheral/uart_tx_only/uart_256B_100ms/aligned_uart_256B_100ms_uart_256B_100ms_run4.csv,occupancy,inter_burst,1555545,5.191085003652575,5.186492276983786,5.096945999999839,0.999277423668232
uart_256B_100ms,4,data/processed/v3_ppk/peripheral/uart_tx_only/uart_256B_100ms/aligned_uart_256B_100ms_uart_256B_100ms_run4.csv,pulse,burst,444455,20.44699229788843,20.44658298206228,20.799345998479744,0.9996445084429245
uart_256B_100ms,4,data/processed/v3_ppk/peripheral/uart_tx_only/uart_256B_100ms/aligned_uart_256B_100ms_uart_256B_100ms_run4.csv,pulse,final_idle,1000001,1.2219055600354771,0.6537394830476891,0.610546000000177,0.6064063935936064
uart_256B_100ms,4,data/processed/v3_ppk/peripheral/uart_tx_only/uart_256B_100ms/aligned_uart_256B_100ms_uart_256B_100ms_run4.csv,pulse,idle_all,2000000,1.1929581141540186,0.568202460739087,0.6105460000000065,0.579615
uart_256B_100ms,4,data/processed/v3_ppk/peripheral/uart_tx_only/uart_256B_100ms/aligned_uart_256B_100ms_uart_256B_100ms_run4.csv,pulse,initial_idle,999999,1.1640106103776107,0.48266526735626925,0.6105460000000065,0.5528235528235528
uart_256B_100ms,4,data/processed/v3_ppk/peripheral/uart_tx_only/uart_256B_100ms/aligned_uart_256B_100ms_uart_256B_100ms_run4.csv,pulse,inter_burst,1555545,1.3545614343262393,0.8284550732423025,0.610546000000177,0.6330231526571073
uart_256B_100ms,5,data/processed/v3_ppk/peripheral/uart_tx_only/uart_256B_100ms/aligned_uart_256B_100ms_uart_256B_100ms_run5.csv,occupancy,burst,444510,4.98236757700478,4.977472735759049,5.096945999999839,0.9991991181300758
uart_256B_100ms,5,data/processed/v3_ppk/peripheral/uart_tx_only/uart_256B_100ms/aligned_uart_256B_100ms_uart_256B_100ms_run5.csv,occupancy,final_idle,1000001,1.1652807705969925,0.5128335285033171,0.610546000000177,0.563009436990563
uart_256B_100ms,5,data/processed/v3_ppk/peripheral/uart_tx_only/uart_256B_100ms/aligned_uart_256B_100ms_uart_256B_100ms_run5.csv,occupancy,idle_all,2000001,1.1718613470372077,0.5220683246702613,0.6105460000000065,0.5656847171576415
uart_256B_100ms,5,data/processed/v3_ppk/peripheral/uart_tx_only/uart_256B_100ms/aligned_uart_256B_100ms_uart_256B_100ms_run5.csv,occupancy,initial_idle,1000000,1.1784419300580002,0.5313031300720018,0.6105460000000065,0.56836
uart_256B_100ms,5,data/processed/v3_ppk/peripheral/uart_tx_only/uart_256B_100ms/aligned_uart_256B_100ms_uart_256B_100ms_run5.csv,occupancy,inter_burst,1555490,4.994173868045276,4.988720966537707,5.096945999999839,0.9991372493555085
uart_256B_100ms,5,data/processed/v3_ppk/peripheral/uart_tx_only/uart_256B_100ms/aligned_uart_256B_100ms_uart_256B_100ms_run5.csv,pulse,burst,444510,20.231778454092456,20.2311713661883,20.793756719383346,0.9994893253245146
uart_256B_100ms,5,data/processed/v3_ppk/peripheral/uart_tx_only/uart_256B_100ms/aligned_uart_256B_100ms_uart_256B_100ms_run5.csv,pulse,final_idle,1000001,1.1651528428101792,0.5126116686075037,0.610546000000177,0.562949437050563
uart_256B_100ms,5,data/processed/v3_ppk/peripheral/uart_tx_only/uart_256B_100ms/aligned_uart_256B_100ms_uart_256B_100ms_run5.csv,pulse,idle_all,2000001,1.1717973831118194,0.5219573946668896,0.6105460000000065,0.5656547171726414
uart_256B_100ms,5,data/processed/v3_ppk/peripheral/uart_tx_only/uart_256B_100ms/aligned_uart_256B_100ms_uart_256B_100ms_run5.csv,pulse,initial_idle,1000000,1.1784419300580002,0.5313031300720018,0.6105460000000065,0.56836
uart_256B_100ms,5,data/processed/v3_ppk/peripheral/uart_tx_only/uart_256B_100ms/aligned_uart_256B_100ms_uart_256B_100ms_run5.csv,pulse,inter_burst,1555490,1.294890529004308,0.6306883015286948,0.610546000000177,0.5715170139313014
uart_256B_100ms,6,data/processed/v3_ppk/peripheral/uart_tx_only/uart_256B_100ms/aligned_uart_256B_100ms_uart_256B_100ms_run6.csv,occupancy,burst,444490,4.796493567468904,4.791563954757708,4.371054999999835,0.9991630857837072
uart_256B_100ms,6,data/processed/v3_ppk/peripheral/uart_tx_only/uart_256B_100ms/aligned_uart_256B_100ms_uart_256B_100ms_run6.csv,occupancy,final_idle,1000001,1.1301952083642697,0.3633071035907398,0.610546000000177,0.5144044855955144
uart_256B_100ms,6,data/processed/v3_ppk/peripheral/uart_tx_only/uart_256B_100ms/aligned_uart_256B_100ms_uart_256B_100ms_run6.csv,occupancy,idle_all,2000001,1.1503794795184998,0.43102190285147135,0.6105460000000065,0.5362222318888841
uart_256B_100ms,6,data/processed/v3_ppk/peripheral/uart_tx_only/uart_256B_100ms/aligned_uart_256B_100ms_uart_256B_100ms_run6.csv,occupancy,initial_idle,1000000,1.170563770857001,0.49873676982700205,0.6105460000000065,0.55804
uart_256B_100ms,6,data/processed/v3_ppk/peripheral/uart_tx_only/uart_256B_100ms/aligned_uart_256B_100ms_uart_256B_100ms_run6.csv,occupancy,inter_burst,1555510,4.803897502318047,4.798187089927253,5.096945999999839,0.9990736157273177
uart_256B_100ms,6,data/processed/v3_ppk/peripheral/uart_tx_only/uart_256B_100ms/aligned_uart_256B_100ms_uart_256B_100ms_run6.csv,pulse,burst,444490,20.046059981218256,20.045242395695595,20.07345499999966,0.9994420571891381
uart_256B_100ms,6,data/processed/v3_ppk/peripheral/uart_tx_only/uart_256B_100ms/aligned_uart_256B_100ms_uart_256B_100ms_run6.csv,pulse,final_idle,1000001,1.1300930768909287,0.3630852436949286,0.610546000000177,0.5143374856625144
uart_256B_100ms,6,data/processed/v3_ppk/peripheral/uart_tx_only/uart_256B_100ms/aligned_uart_256B_100ms_uart_256B_100ms_run6.csv,pulse,idle_all,2000001,1.1503284137562964,0.43091097284810076,0.6105460000000065,0.5361887319056341
uart_256B_100ms,6,data/processed/v3_ppk/peripheral/uart_tx_only/uart_256B_100ms/aligned_uart_256B_100ms_uart_256B_100ms_run6.csv,pulse,initial_idle,1000000,1.170563770857001,0.49873676982700205,0.6105460000000065,0.55804
uart_256B_100ms,6,data/processed/v3_ppk/peripheral/uart_tx_only/uart_256B_100ms/aligned_uart_256B_100ms_uart_256B_100ms_run6.csv,pulse,inter_burst,1555510,1.2310826129439008,0.4401527744329636,0.610546000000177,0.5119337066299798
uart_256B_100ms,7,data/processed/v3_ppk/peripheral/uart_tx_only/uart_256B_100ms/aligned_uart_256B_100ms_uart_256B_100ms_run7.csv,occupancy,burst,444447,5.066596444253515,5.061840972222231,5.096945999999839,0.999196754618661
uart_256B_100ms,7,data/processed/v3_ppk/peripheral/uart_tx_only/uart_256B_100ms/aligned_uart_256B_100ms_uart_256B_100ms_run7.csv,occupancy,final_idle,1000001,1.1552305485585699,0.45323537943046494,0.610546000000177,0.5439344560655439
uart_256B_100ms,7,data/processed/v3_ppk/peripheral/uart_tx_only/uart_256B_100ms/aligned_uart_256B_100ms_uart_256B_100ms_run7.csv,occupancy,idle_all,2000000,1.13830066790656,0.39249602646192305,0.6105460000000065,0.5241945
uart_256B_100ms,7,data/processed/v3_ppk/peripheral/uart_tx_only/uart_256B_100ms/aligned_uart_256B_100ms_uart_256B_100ms_run7.csv,occupancy,initial_idle,999999,1.1213707533947543,0.33175655201455384,0.6105460000000065,0.5044545044545045
uart_256B_100ms,7,data/processed/v3_ppk/peripheral/uart_tx_only/uart_256B_100ms/aligned_uart_256B_100ms_uart_256B_100ms_run7.csv,occupancy,inter_burst,1555553,5.0574859843102375,5.052427952650753,5.096945999999839,0.9991803557962988
uart_256B_100ms,7,data/processed/v3_ppk/peripheral/uart_tx_only/uart_256B_100ms/aligned_uart_256B_100ms_uart_256B_100ms_run7.csv,pulse,burst,444447,20.31607103840277,20.315475999598217,20.799334774510108,0.9995567525486728
uart_256B_100ms,7,data/processed/v3_ppk/peripheral/uart_tx_only/uart_256B_100ms/aligned_uart_256B_100ms_uart_256B_100ms_run7.csv,pulse,final_idle,1000001,1.155145180088836,0.45301351953465263,0.610546000000177,0.5438534561465439
uart_256B_100ms,7,data/processed/v3_ppk/peripheral/uart_tx_only/uart_256B_100ms/aligned_uart_256B_100ms_uart_256B_100ms_run7.csv,pulse,idle_all,2000000,1.1382579836290088,0.392385096403087,0.6105460000000065,0.524154
uart_256B_100ms,7,data/processed/v3_ppk/peripheral/uart_tx_only/uart_256B_100ms/aligned_uart_256B_100ms_uart_256B_100ms_run7.csv,pulse,initial_idle,999999,1.1213707533947543,0.33175655201455384,0.6105460000000065,0.5044545044545045
uart_256B_100ms,7,data/processed/v3_ppk/peripheral/uart_tx_only/uart_256B_100ms/aligned_uart_256B_100ms_uart_256B_100ms_run7.csv,pulse,inter_burst,1555553,1.3088546438674344,0.6943900887564446,0.610546000000177,0.5920910441495725
uart_256B_100ms,8,data/processed/v3_ppk/peripheral/uart_tx_only/uart_256B_100ms/aligned_uart_256B_100ms_uart_256B_100ms_run8.csv,occupancy,burst,444486,4.894490077151023,4.889696942345213,5.096945999999839,0.9991698276211174
uart_256B_100ms,8,data/processed/v3_ppk/peripheral/uart_tx_only/uart_256B_100ms/aligned_uart_256B_100ms_uart_256B_100ms_run8.csv,occupancy,final_idle,1000001,1.190638361130524,0.5782023731534706,0.610546000000177,0.584027415972584
uart_256B_100ms,8,data/processed/v3_ppk/peripheral/uart_tx_only/uart_256B_100ms/aligned_uart_256B_100ms_uart_256B_100ms_run8.csv,occupancy,idle_all,2000001,1.1646252409798226,0.4799831490083482,0.6105460000000065,0.5524122237938881
uart_256B_100ms,8,data/processed/v3_ppk/peripheral/uart_tx_only/uart_256B_100ms/aligned_uart_256B_100ms_uart_256B_100ms_run8.csv,occupancy,initial_idle,1000000,1.1386120948160001,0.38176382664400194,0.6105460000000065,0.520797
uart_256B_100ms,8,data/processed/v3_ppk/peripheral/uart_tx_only/uart_256B_100ms/aligned_uart_256B_100ms_uart_256B_100ms_run8.csv,occupancy,inter_burst,1555514,4.888062502173394,4.882540265185491,5.096945999999839,0.9991057618253516
uart_256B_100ms,8,data/processed/v3_ppk/peripheral/uart_tx_only/uart_256B_100ms/aligned_uart_256B_100ms_uart_256B_100ms_run8.csv,pulse,burst,444486,20.144075471678008,20.143371345166315,20.07345499999966,0.999471299433503
uart_256B_100ms,8,data/processed/v3_ppk/peripheral/uart_tx_only/uart_256B_100ms/aligned_uart_256B_100ms_uart_256B_100ms_run8.csv,pulse,final_idle,1000001,1.1904806030054265,0.5779805132576586,0.610546000000177,0.583981416018584
uart_256B_100ms,8,data/processed/v3_ppk/peripheral/uart_tx_only/uart_256B_100ms/aligned_uart_256B_100ms_uart_256B_100ms_run8.csv,pulse,idle_all,2000001,1.164546361877834,0.4798722190049774,0.6105460000000065,0.5523892238053881
uart_256B_100ms,8,data/processed/v3_ppk/peripheral/uart_tx_only/uart_256B_100ms/aligned_uart_256B_100ms_uart_256B_100ms_run8.csv,pulse,initial_idle,1000000,1.1386120948160001,0.38176382664400194,0.6105460000000065,0.520797
uart_256B_100ms,8,data/processed/v3_ppk/peripheral/uart_tx_only/uart_256B_100ms/aligned_uart_256B_100ms_uart_256B_100ms_run8.csv,pulse,inter_burst,1555514,1.2594407513197716,0.524505619599347,0.610546000000177,0.538081945903412
uart_256B_100ms,9,data/processed/v3_ppk/peripheral/uart_tx_only/uart_256B_100ms/aligned_uart_256B_100ms_uart_256B_100ms_run9.csv,occupancy,burst,444448,5.126993488763572,5.122483284202546,5.096945999999839,0.9992575059399524
uart_256B_100ms,9,data/processed/v3_ppk/peripheral/uart_tx_only/uart_256B_100ms/aligned_uart_256B_100ms_uart_256B_100ms_run9.csv,occupancy,final_idle,1000000,1.1088897887674045,0.3136189030878447,-0.11534499999982728,0.498845
uart_256B_100ms,9,data/processed/v3_ppk/peripheral/uart_tx_only/uart_256B_100ms/aligned_uart_256B_100ms_uart_256B_100ms_run9.csv,occupancy,idle_all,1999999,1.1891616609935336,0.5414649125573794,0.6105460000000065,0.5706577853288927
uart_256B_100ms,9,data/processed/v3_ppk/peripheral/uart_tx_only/uart_256B_100ms/aligned_uart_256B_100ms_uart_256B_100ms_run9.csv,occupancy,initial_idle,999999,1.2694336134916147,0.7693111498731517,0.6105460000000065,0.6424706424706425
uart_256B_100ms,9,data/processed/v3_ppk/peripheral/uart_tx_only/uart_256B_100ms/aligned_uart_256B_100ms_uart_256B_100ms_run9.csv,occupancy,inter_burst,1555553,5.139502021611441,5.134463882980356,5.096945999999839,0.999207355840656
uart_256B_100ms,9,data/processed/v3_ppk/peripheral/uart_tx_only/uart_256B_100ms/aligned_uart_256B_100ms_uart_256B_100ms_run9.csv,pulse,burst,444448,20.376553478245434,20.376119321292148,20.799345852328166,0.9996175030599755
uart_256B_100ms,9,data/processed/v3_ppk/peripheral/uart_tx_only/uart_256B_100ms/aligned_uart_256B_100ms_uart_256B_100ms_run9.csv,pulse,final_idle,1000000,1.1088105164579998,0.3133970429701724,-0.11534499999982728,0.498774
uart_256B_100ms,9,data/processed/v3_ppk/peripheral/uart_tx_only/uart_256B_100ms/aligned_uart_256B_100ms_uart_256B_100ms_run9.csv,pulse,idle_all,1999999,1.189122024819013,0.5413539824430782,0.6105460000000065,0.5706222853111427
uart_256B_100ms,9,data/processed/v3_ppk/peripheral/uart_tx_only/uart_256B_100ms/aligned_uart_256B_100ms_uart_256B_100ms_run9.csv,pulse,initial_idle,999999,1.2694336134916147,0.7693111498731517,0.6105460000000065,0.6424706424706425
uart_256B_100ms,9,data/processed/v3_ppk/peripheral/uart_tx_only/uart_256B_100ms/aligned_uart_256B_100ms_uart_256B_100ms_run9.csv,pulse,inter_burst,1555553,1.346334138136388,0.7764260190861937,0.610546000000177,0.61531622516237
uart_256B_100ms,10,data/processed/v3_ppk/peripheral/uart_tx_only/uart_256B_100ms/aligned_uart_256B_100ms_uart_256B_100ms_run10.csv,occupancy,burst,444447,4.985738922836183,4.980991984405912,5.096945999999839,0.9992080045539738
uart_256B_100ms,10,data/processed/v3_ppk/peripheral/uart_tx_only/uart_256B_100ms/aligned_uart_256B_100ms_uart_256B_100ms_run10.csv,occupancy,final_idle,1000001,1.2624089703007435,0.7582706917271523,0.610546000000177,0.6384533615466385
uart_256B_100ms,10,data/processed/v3_ppk/peripheral/uart_tx_only/uart_256B_100ms/aligned_uart_256B_100ms_uart_256B_100ms_run10.csv,occupancy,idle_all,2000001,1.2309638014114561,0.6737863004102721,0.610546000000177,0.6125041937479031
uart_256B_100ms,10,data/processed/v3_ppk/peripheral/uart_tx_only/uart_256B_100ms/aligned_uart_256B_100ms_uart_256B_100ms_run10.csv,occupancy,initial_idle,1000000,1.199518601077001,0.5893018246090017,0.6105460000000065,0.586555
uart_256B_100ms,10,data/processed/v3_ppk/peripheral/uart_tx_only/uart_256B_100ms/aligned_uart_256B_100ms_uart_256B_100ms_run10.csv,occupancy,inter_burst,1555553,4.982555181685706,4.977190047546272,5.096945999999839,0.9991501414609467
uart_256B_100ms,10,data/processed/v3_ppk/peripheral/uart_tx_only/uart_256B_100ms/aligned_uart_256B_100ms_uart_256B_100ms_run10.csv,pulse,burst,444447,20.23525563088549,20.234627011782262,20.79262852949656,0.9995590025357354
uart_256B_100ms,10,data/processed/v3_ppk/peripheral/uart_tx_only/uart_256B_100ms/aligned_uart_256B_100ms_uart_256B_100ms_run10.csv,pulse,final_idle,1000001,1.262224212591836,0.7580488318313406,0.610546000000177,0.6384073615926384
uart_256B_100ms,10,data/processed/v3_ppk/peripheral/uart_tx_only/uart_256B_100ms/aligned_uart_256B_100ms_uart_256B_100ms_run10.csv,pulse,idle_all,2000001,1.2308714225108126,0.6736753704069012,0.610546000000177,0.6124811937594031
uart_256B_100ms,10,data/processed/v3_ppk/peripheral/uart_tx_only/uart_256B_100ms/aligned_uart_256B_100ms_uart_256B_100ms_run10.csv,pulse,initial_idle,1000000,1.199518601077001,0.5893018246090017,0.6105460000000065,0.586555
uart_256B_100ms,10,data/processed/v3_ppk/peripheral/uart_tx_only/uart_256B_100ms/aligned_uart_256B_100ms_uart_256B_100ms_run10.csv,pulse,inter_burst,1555553,1.2912159442693458,0.6191521836518683,0.610546000000177,0.5676264325291391
uart_512B_100ms,1,data/processed/v3_ppk/peripheral/uart_tx_only/uart_512B_100ms/aligned_uart_512B_100ms_uart_512B_100ms_run1.csv,occupancy,burst,888863,9.319048291126203,9.3182228097744,9.583345999999835,0.9997209918738883
uart_512B_100ms,1,data/processed/v3_ppk/peripheral/uart_tx_only/uart_512B_100ms/aligned_uart_512B_100ms_uart_512B_100ms_run1.csv,occupancy,final_idle,1000001,1.1939593918484792,0.594900260843256,0.610546000000177,0.5889204110795889
uart_512B_100ms,1,data/processed/v3_ppk/peripheral/uart_tx_only/uart_512B_100ms/aligned_uart_512B_100ms_uart_512B_100ms_run1.csv,occupancy,idle_all,2000001,1.1609998775729968,0.48300969478491224,0.6105460000000065,0.5530422234788882
uart_512B_100ms,1,data/processed/v3_ppk/peripheral/uart_tx_only/uart_512B_100ms/aligned_uart_512B_100ms_uart_512B_100ms_run1.csv,occupancy,initial_idle,1000000,1.1280403303380009,0.371119016836002,0.6105460000000065,0.517164
uart_512B_100ms,1,data/processed/v3_ppk/peripheral/uart_tx_only/uart_512B_100ms/aligned_uart_512B_100ms_uart_512B_100ms_run1.csv,occupancy,inter_burst,1111137,9.325272668038966,9.324551636893395,9.583345999999835,0.9997849050117132
uart_512B_100ms,1,data/processed/v3_ppk/peripheral/uart_tx_only/uart_512B_100ms/aligned_uart_512B_100ms_uart_512B_100ms_run1.csv,pulse,burst,888863,20.31047610039876,20.310082097797462,20.07345499999966,0.9996962411530236
uart_512B_100ms,1,data/processed/v3_ppk/peripheral/uart_tx_only/uart_512B_100ms/aligned_uart_512B_100ms_uart_512B_100ms_run1.csv,pulse,final_idle,1000001,1.1936453565086749,0.5944565410516314,0.610546000000177,0.5888354111645888
uart_512B_100ms,1,data/processed/v3_ppk/peripheral/uart_tx_only/uart_512B_100ms/aligned_uart_512B_100ms_uart_512B_100ms_run1.csv,pulse,idle_all,2000001,1.160842859824586,0.48278783477817,0.6105460000000065,0.5529997235001383
uart_512B_100ms,1,data/processed/v3_ppk/peripheral/uart_tx_only/uart_512B_100ms/aligned_uart_512B_100ms_uart_512B_100ms_run1.csv,pulse,initial_idle,1000000,1.1280403303380009,0.371119016836002,0.6105460000000065,0.517164
uart_512B_100ms,1,data/processed/v3_ppk/peripheral/uart_tx_only/uart_512B_100ms/aligned_uart_512B_100ms_uart_512B_100ms_run1.csv,pulse,inter_burst,1111137,1.28987665789265,0.5314541451398099,0.610546000000177,0.5294117647058824
uart_512B_100ms,2,data/processed/v3_ppk/peripheral/uart_tx_only/uart_512B_100ms/aligned_uart_512B_100ms_uart_512B_100ms_run2.csv,occupancy,burst,888863,9.740094536077738,9.73952658276192,9.583345999999835,0.9998042442986153
uart_512B_100ms,2,data/processed/v3_ppk/peripheral/uart_tx_only/uart_512B_100ms/aligned_uart_512B_100ms_uart_512B_100ms_run2.csv,occupancy,final_idle,1000000,1.1574346387310068,0.4422831418665205,0.610546000000177,0.539196
uart_512B_100ms,2,data/processed/v3_ppk/peripheral/uart_tx_only/uart_512B_100ms/aligned_uart_512B_100ms_uart_512B_100ms_run2.csv,occupancy,idle_all,2000001,1.1918540867524599,0.5618384122500549,0.6105460000000065,0.5773207113396444
uart_512B_100ms,2,data/processed/v3_ppk/peripheral/uart_tx_only/uart_512B_100ms/aligned_uart_512B_100ms_uart_512B_100ms_run2.csv,occupancy,initial_idle,1000001,1.2262735003545,0.6813935630784387,0.6105460000000065,0.6154453845546154
uart_512B_100ms,2,data/processed/v3_ppk/peripheral/uart_tx_only/uart_512B_100ms/aligned_uart_512B_100ms_uart_512B_100ms_run2.csv,occupancy,inter_burst,1111136,9.724899223821218,9.724199396422952,9.583345999999835,0.9997597053825994
uart_512B_100ms,2,data/processed/v3_ppk/peripheral/uart_tx_only/uart_512B_100ms/aligned_uart_512B_100ms_uart_512B_100ms_run2.csv,pulse,burst,888863,20.731606645452416,20.731385870784766,20.799345999999666,0.999823369855647
uart_512B_100ms,2,data/processed/v3_ppk/peripheral/uart_tx_only/uart_512B_100ms/aligned_uart_512B_100ms_uart_512B_100ms_run2.csv,pulse,final_idle,1000000,1.1570671409790132,0.4418394216311724,0.610546000000177,0.539136
uart_512B_100ms,2,data/processed/v3_ppk/peripheral/uart_tx_only/uart_512B_100ms/aligned_uart_512B_100ms_uart_512B_100ms_run2.csv,pulse,idle_all,2000001,1.1916703379683375,0.5616165522433109,0.6105460000000065,0.5772907113546443
uart_512B_100ms,2,data/processed/v3_ppk/peripheral/uart_tx_only/uart_512B_100ms/aligned_uart_512B_100ms_uart_512B_100ms_run2.csv,pulse,initial_idle,1000001,1.2262735003545,0.6813935630784387,0.6105460000000065,0.6154453845546154
uart_512B_100ms,2,data/processed/v3_ppk/peripheral/uart_tx_only/uart_512B_100ms/aligned_uart_512B_100ms_uart_512B_100ms_run2.csv,pulse,inter_burst,1111136,1.4369678727138528,0.9311020663979683,0.6105460003089647,0.6508177216830343
uart_512B_100ms,3,data/processed/v3_ppk/peripheral/uart_tx_only/uart_512B_100ms/aligned_uart_512B_100ms_uart_512B_100ms_run3.csv,occupancy,burst,888893,9.534319125774042,9.533638454937215,9.583345999999835,0.9997907509677768
uart_512B_100ms,3,data/processed/v3_ppk/peripheral/uart_tx_only/uart_512B_100ms/aligned_uart_512B_100ms_uart_512B_100ms_run3.csv,occupancy,final_idle,1000001,1.2679941210219432,0.7613158160746998,0.610546000000177,0.6389203610796389
uart_512B_100ms,3,data/processed/v3_ppk/peripheral/uart_tx_only/uart_512B_100ms/aligned_uart_512B_100ms_uart_512B_100ms_run3.csv,occupancy,idle_all,2000001,1.2661140399330135,0.7658421950011616,0.610546000000177,0.6407981796009102
uart_512B_100ms,3,data/processed/v3_ppk/peripheral/uart_tx_only/uart_512B_100ms/aligned_uart_512B_100ms_uart_512B_100ms_run3.csv,occupancy,initial_idle,1000000,1.2642339569640015,0.7703685784540016,0.6105460000000065,0.642676
uart_512B_100ms,3,data/processed/v3_ppk/peripheral/uart_tx_only/uart_512B_100ms/aligned_uart_512B_100ms_uart_512B_100ms_run3.csv,occupancy,inter_burst,1111107,9.527608905651583,9.526812373247415,9.583345999999835,0.9997632991242068
uart_512B_100ms,3,data/processed/v3_ppk/peripheral/uart_tx_only/uart_512B_100ms/aligned_uart_512B_100ms_uart_512B_100ms_run3.csv,pulse,burst,888893,20.525817205859596,20.52550530767432,20.799345999999666,0.9997795010198078
uart_512B_100ms,3,data/processed/v3_ppk/peripheral/uart_tx_only/uart_512B_100ms/aligned_uart_512B_100ms_uart_512B_100ms_run3.csv,pulse,final_idle,1000001,1.2676894060596418,0.7608720962830762,0.610546000000177,0.6388493611506388
uart_512B_100ms,3,data/processed/v3_ppk/peripheral/uart_tx_only/uart_512B_100ms/aligned_uart_512B_100ms_uart_512B_100ms_run3.csv,pulse,idle_all,2000001,1.2659616823756838,0.76562033499442,0.610546000000177,0.6407626796186602
uart_512B_100ms,3,data/processed/v3_ppk/peripheral/uart_tx_only/uart_512B_100ms/aligned_uart_512B_100ms_uart_512B_100ms_run3.csv,pulse,initial_idle,1000000,1.2642339569640015,0.7703685784540016,0.6105460000000065,0.642676
uart_512B_100ms,3,data/processed/v3_ppk/peripheral/uart_tx_only/uart_512B_100ms/aligned_uart_512B_100ms_uart_512B_100ms_run3.csv,pulse,inter_burst,1111107,1.3566847208565804,0.7337197334798701,0.610546000000177,0.5907765858733677
uart_512B_100ms,4,data/processed/v3_ppk/peripheral/uart_tx_only/uart_512B_100ms/aligned_uart_512B_100ms_uart_512B_100ms_run4.csv,occupancy,burst,888941,9.44760730512029,9.446811089027852,9.583345999999835,0.9997615139812428
uart_512B_100ms,4,data/processed/v3_ppk/peripheral/uart_tx_only/uart_512B_100ms/aligned_uart_512B_100ms_uart_512B_100ms_run4.csv,occupancy,final_idle,1000001,1.2850596661258413,0.8163908526966656,0.610546000000177,0.6568833431166569
uart_512B_100ms,4,data/processed/v3_ppk/peripheral/uart_tx_only/uart_512B_100ms/aligned_uart_512B_100ms_uart_512B_100ms_run4.csv,occupancy,idle_all,2000001,1.1899805382774853,0.5696583455465871,0.6105460000000065,0.579859210070395
uart_512B_100ms,4,data/processed/v3_ppk/peripheral/uart_tx_only/uart_512B_100ms/aligned_uart_512B_100ms_uart_512B_100ms_run4.csv,occupancy,initial_idle,1000000,1.0949013153500007,0.3229255916640019,0.6105460000000065,0.502835
uart_512B_100ms,4,data/processed/v3_ppk/peripheral/uart_tx_only/uart_512B_100ms/aligned_uart_512B_100ms_uart_512B_100ms_run4.csv,occupancy,inter_burst,1111059,9.459215517968723,9.458348466998434,9.583345999999835,0.9997425879273738
uart_512B_100ms,4,data/processed/v3_ppk/peripheral/uart_tx_only/uart_512B_100ms/aligned_uart_512B_100ms_uart_512B_100ms_run4.csv,pulse,burst,888941,20.439134166822985,20.438690044244872,20.799345972344803,0.9997165166192132
uart_512B_100ms,4,data/processed/v3_ppk/peripheral/uart_tx_only/uart_512B_100ms/aligned_uart_512B_100ms_uart_512B_100ms_run4.csv,pulse,final_idle,1000001,1.2847316194724345,0.8159471329050394,0.610546000000177,0.6568153431846568
uart_512B_100ms,4,data/processed/v3_ppk/peripheral/uart_tx_only/uart_512B_100ms/aligned_uart_512B_100ms_uart_512B_100ms_run4.csv,pulse,idle_all,2000001,1.1898165148687703,0.5694364855398442,0.6105460000000065,0.579825210087395
uart_512B_100ms,4,data/processed/v3_ppk/peripheral/uart_tx_only/uart_512B_100ms/aligned_uart_512B_100ms_uart_512B_100ms_run4.csv,pulse,initial_idle,1000000,1.0949013153500007,0.3229255916640019,0.6105460000000065,0.502835
uart_512B_100ms,4,data/processed/v3_ppk/peripheral/uart_tx_only/uart_512B_100ms/aligned_uart_512B_100ms_uart_512B_100ms_run4.csv,pulse,inter_burst,1111059,1.3333872372702513,0.6652635909529644,0.610546000000177,0.5706321626484282
uart_512B_100ms,5,data/processed/v3_ppk/peripheral/uart_tx_only/uart_512B_100ms/aligned_uart_512B_100ms_uart_512B_100ms_run5.csv,occupancy,burst,888886,9.722319680831735,9.721645146346669,9.583345999999835,0.9997581242139036
uart_512B_100ms,5,data/processed/v3_ppk/peripheral/uart_tx_only/uart_512B_100ms/aligned_uart_512B_100ms_uart_512B_100ms_run5.csv,occupancy,final_idle,1000001,1.226476932843246,0.6569058309796849,0.610546000000177,0.6062083937916062
uart_512B_100ms,5,data/processed/v3_ppk/peripheral/uart_tx_only/uart_512B_100ms/aligned_uart_512B_100ms_uart_512B_100ms_run5.csv,occupancy,idle_all,2000001,1.2860784590313592,0.8016522464021361,0.610546000000177,0.6506371746814127
uart_512B_100ms,5,data/processed/v3_ppk/peripheral/uart_tx_only/uart_512B_100ms/aligned_uart_512B_100ms_uart_512B_100ms_run5.csv,occupancy,initial_idle,1000000,1.345680044821,0.9463988065710026,1.3362729999999985,0.695066
uart_512B_100ms,5,data/processed/v3_ppk/peripheral/uart_tx_only/uart_512B_100ms/aligned_uart_512B_100ms_uart_512B_100ms_run5.csv,occupancy,inter_burst,1111114,9.716905178148066,9.716347542029723,9.583345999999835,0.9998209004656587
uart_512B_100ms,5,data/processed/v3_ppk/peripheral/uart_tx_only/uart_512B_100ms/aligned_uart_512B_100ms_uart_512B_100ms_run5.csv,pulse,burst,888886,20.71375754474658,20.713510234029382,20.799345999999666,0.9998076243747792
uart_512B_100ms,5,data/processed/v3_ppk/peripheral/uart_tx_only/uart_512B_100ms/aligned_uart_512B_100ms_uart_512B_100ms_run5.csv,pulse,final_idle,1000001,1.226148057833979,0.6564621111880612,0.610546000000177,0.6061303938696061
uart_512B_100ms,5,data/processed/v3_ppk/peripheral/uart_tx_only/uart_512B_100ms/aligned_uart_512B_100ms_uart_512B_100ms_run5.csv,pulse,idle_all,2000001,1.285914021444507,0.8014303863953943,0.610546000000177,0.6505981747009126
uart_512B_100ms,5,data/processed/v3_ppk/peripheral/uart_tx_only/uart_512B_100ms/aligned_uart_512B_100ms_uart_512B_100ms_run5.csv,pulse,initial_idle,1000000,1.345680044821,0.9463988065710026,1.3362729999999985,0.695066
uart_512B_100ms,5,data/processed/v3_ppk/peripheral/uart_tx_only/uart_512B_100ms/aligned_uart_512B_100ms_uart_512B_100ms_run5.csv,pulse,inter_burst,1111114,1.4389280983533905,0.9232537701088771,0.6105460000602747,0.6465610189413508
uart_512B_100ms,6,data/processed/v3_ppk/peripheral/uart_tx_only/uart_512B_100ms/aligned_uart_512B_100ms_uart_512B_100ms_run6.csv,occupancy,burst,888894,9.701587602444265,9.70096358390146,9.583345999999835,0.9997772512808052
uart_512B_100ms,6,data/processed/v3_ppk/peripheral/uart_tx_only/uart_512B_100ms/aligned_uart_512B_100ms_uart_512B_100ms_run6.csv,occupancy,final_idle,1000001,1.2604952627520731,0.7368763669041495,0.610546000000177,0.6313433686566313
uart_512B_100ms,6,data/processed/v3_ppk/peripheral/uart_tx_only/uart_512B_100ms/aligned_uart_512B_100ms_uart_512B_100ms_run6.csv,occupancy,idle_all,2000001,1.252627430031453,0.7232122639576272,0.610546000000177,0.6271931864034068
uart_512B_100ms,6,data/processed/v3_ppk/peripheral/uart_tx_only/uart_512B_100ms/aligned_uart_512B_100ms_uart_512B_100ms_run6.csv,occupancy,initial_idle,1000000,1.2447595894430012,0.7095481473470018,0.6105460000000065,0.623043
uart_512B_100ms,6,data/processed/v3_ppk/peripheral/uart_tx_only/uart_512B_100ms/aligned_uart_512B_100ms_uart_512B_100ms_run6.csv,occupancy,inter_burst,1111106,9.703953867728924,9.703329675786836,9.583345999999835,0.9998001990809158
uart_512B_100ms,6,data/processed/v3_ppk/peripheral/uart_tx_only/uart_512B_100ms/aligned_uart_512B_100ms_uart_512B_100ms_run6.csv,pulse,burst,888894,20.69307867142997,20.69283068878654,20.799345999999666,0.9998065011126186
uart_512B_100ms,6,data/processed/v3_ppk/peripheral/uart_tx_only/uart_512B_100ms/aligned_uart_512B_100ms_uart_512B_100ms_run6.csv,pulse,final_idle,1000001,1.2601706429524022,0.7364326471125255,0.610546000000177,0.6312783687216312
uart_512B_100ms,6,data/processed/v3_ppk/peripheral/uart_tx_only/uart_512B_100ms/aligned_uart_512B_100ms_uart_512B_100ms_run6.csv,pulse,idle_all,2000001,1.2524651200504626,0.7229904039508852,0.610546000000177,0.6271606864196568
uart_512B_100ms,6,data/processed/v3_ppk/peripheral/uart_tx_only/uart_512B_100ms/aligned_uart_512B_100ms_uart_512B_100ms_run6.csv,pulse,initial_idle,1000000,1.2447595894430012,0.7095481473470018,0.6105460000000065,0.623043
uart_512B_100ms,6,data/processed/v3_ppk/peripheral/uart_tx_only/uart_512B_100ms/aligned_uart_512B_100ms_uart_512B_100ms_run6.csv,pulse,inter_burst,1111106,1.4256551250680534,0.9102371977562445,0.6105460000102028,0.6450077670357284
uart_512B_100ms,7,data/processed/v3_ppk/peripheral/uart_tx_only/uart_512B_100ms/aligned_uart_512B_100ms_uart_512B_100ms_run7.csv,occupancy,burst,888904,9.791000604440152,9.790415297357766,9.583345999999835,0.9998087532511948
uart_512B_100ms,7,data/processed/v3_ppk/peripheral/uart_tx_only/uart_512B_100ms/aligned_uart_512B_100ms_uart_512B_100ms_run7.csv,occupancy,final_idle,1000000,1.2537168465105861,0.7300492537855189,0.610546000000177,0.628584
uart_512B_100ms,7,data/processed/v3_ppk/peripheral/uart_tx_only/uart_512B_100ms/aligned_uart_512B_100ms_uart_512B_100ms_run7.csv,occupancy,idle_all,2000000,1.3604766241217936,0.9393806148012609,1.3362729999999985,0.688793
uart_512B_100ms,7,data/processed/v3_ppk/peripheral/uart_tx_only/uart_512B_100ms/aligned_uart_512B_100ms_uart_512B_100ms_run7.csv,occupancy,initial_idle,1000000,1.4672364017330017,1.148711975817002,1.3362729999999985,0.749002
uart_512B_100ms,7,data/processed/v3_ppk/peripheral/uart_tx_only/uart_512B_100ms/aligned_uart_512B_100ms_uart_512B_100ms_run7.csv,occupancy,inter_burst,1111096,9.795576960540592,9.794903777370106,9.583345999999835,0.9997677968420371
uart_512B_100ms,7,data/processed/v3_ppk/peripheral/uart_tx_only/uart_512B_100ms/aligned_uart_512B_100ms_uart_512B_100ms_run7.csv,pulse,burst,888904,20.78246230865348,20.782284923695148,20.799345999999666,0.9998413776965791
uart_512B_100ms,7,data/processed/v3_ppk/peripheral/uart_tx_only/uart_512B_100ms/aligned_uart_512B_100ms_uart_512B_100ms_run7.csv,pulse,final_idle,1000000,1.2533165811940443,0.7296055335501723,0.610546000000177,0.628548
uart_512B_100ms,7,data/processed/v3_ppk/peripheral/uart_tx_only/uart_512B_100ms/aligned_uart_512B_100ms_uart_512B_100ms_run7.csv,pulse,idle_all,2000000,1.3602764914635228,0.9391587546835874,1.3362729999999985,0.688775
uart_512B_100ms,7,data/processed/v3_ppk/peripheral/uart_tx_only/uart_512B_100ms/aligned_uart_512B_100ms_uart_512B_100ms_run7.csv,pulse,initial_idle,1000000,1.4672364017330017,1.148711975817002,1.3362729999999985,0.749002
uart_512B_100ms,7,data/processed/v3_ppk/peripheral/uart_tx_only/uart_512B_100ms/aligned_uart_512B_100ms_uart_512B_100ms_run7.csv,pulse,inter_burst,1111096,1.4780335895659624,1.0018129167295222,0.6106012379263603,0.6690069984951795
uart_512B_100ms,8,data/processed/v3_ppk/peripheral/uart_tx_only/uart_512B_100ms/aligned_uart_512B_100ms_uart_512B_100ms_run8.csv,occupancy,burst,888884,9.817444974314425,9.816693676273285,9.583345999999835,0.9997502486263674
uart_512B_100ms,8,data/processed/v3_ppk/peripheral/uart_tx_only/uart_512B_100ms/aligned_uart_512B_100ms_uart_512B_100ms_run8.csv,occupancy,final_idle,1000001,1.378192645139367,0.9802082278732909,1.336273000000169,0.7018262981737018
uart_512B_100ms,8,data/processed/v3_ppk/peripheral/uart_tx_only/uart_512B_100ms/aligned_uart_512B_100ms_uart_512B_100ms_run8.csv,occupancy,idle_all,2000001,1.3928522251623927,1.0074029482217863,1.3362729999999985,0.7088806455596772
uart_512B_100ms,8,data/processed/v3_ppk/peripheral/uart_tx_only/uart_512B_100ms/aligned_uart_512B_100ms_uart_512B_100ms_run8.csv,occupancy,initial_idle,1000000,1.4075118198450005,1.0345976957650023,1.3362729999999985,0.715935
uart_512B_100ms,8,data/processed/v3_ppk/peripheral/uart_tx_only/uart_512B_100ms/aligned_uart_512B_100ms_uart_512B_100ms_run8.csv,occupancy,inter_burst,1111116,9.805699050342913,9.805130960370304,9.583345999999835,0.9998110008315964
uart_512B_100ms,8,data/processed/v3_ppk/peripheral/uart_tx_only/uart_512B_100ms/aligned_uart_512B_100ms_uart_512B_100ms_run8.csv,pulse,burst,888884,20.808807503826277,20.808558259649402,20.799345999999666,0.9998132489728694
uart_512B_100ms,8,data/processed/v3_ppk/peripheral/uart_tx_only/uart_512B_100ms/aligned_uart_512B_100ms_uart_512B_100ms_run8.csv,pulse,final_idle,1000001,1.377828398541672,0.9797645080816642,1.336273000000169,0.7017602982397018
uart_512B_100ms,8,data/processed/v3_ppk/peripheral/uart_tx_only/uart_512B_100ms/aligned_uart_512B_100ms_uart_512B_100ms_run8.csv,pulse,idle_all,2000001,1.3926701017724838,1.007181088215043,1.3362729999999985,0.7088476455761772
uart_512B_100ms,8,data/processed/v3_ppk/peripheral/uart_tx_only/uart_512B_100ms/aligned_uart_512B_100ms_uart_512B_100ms_run8.csv,pulse,initial_idle,1000000,1.4075118198450005,1.0345976957650023,1.3362729999999985,0.715935
uart_512B_100ms,8,data/processed/v3_ppk/peripheral/uart_tx_only/uart_512B_100ms/aligned_uart_512B_100ms_uart_512B_100ms_run8.csv,pulse,inter_burst,1111116,1.4815503016003384,1.0120368649791258,0.6107194127002131,0.6707562486725058
uart_512B_100ms,9,data/processed/v3_ppk/peripheral/uart_tx_only/uart_512B_100ms/aligned_uart_512B_100ms_uart_512B_100ms_run9.csv,occupancy,burst,888890,9.78397853742206,9.783497823285783,9.583345999999835,0.999823375220781
uart_512B_100ms,9,data/processed/v3_ppk/peripheral/uart_tx_only/uart_512B_100ms/aligned_uart_512B_100ms_uart_512B_100ms_run9.csv,occupancy,final_idle,1000001,1.1824673627039615,0.544162565610952,0.610546000000177,0.5713734286265714
uart_512B_100ms,9,data/processed/v3_ppk/peripheral/uart_tx_only/uart_512B_100ms/aligned_uart_512B_100ms_uart_512B_100ms_run9.csv,occupancy,idle_all,2000000,1.1713939047326625,0.51596044807176,0.6105460000000065,0.562663
uart_512B_100ms,9,data/processed/v3_ppk/peripheral/uart_tx_only/uart_512B_100ms/aligned_uart_512B_100ms_uart_512B_100ms_run9.csv,occupancy,initial_idle,999999,1.160320424614425,0.48775827412827605,0.6105460000000065,0.5539525539525539
uart_512B_100ms,9,data/processed/v3_ppk/peripheral/uart_tx_only/uart_512B_100ms/aligned_uart_512B_100ms_uart_512B_100ms_run9.csv,occupancy,inter_burst,1111110,9.772863306555442,9.772271145698276,9.583345999999835,0.9997785997785997
uart_512B_100ms,9,data/processed/v3_ppk/peripheral/uart_tx_only/uart_512B_100ms/aligned_uart_512B_100ms_uart_512B_100ms_run9.csv,pulse,burst,888890,20.775630469685968,20.775363919573753,20.799345999999666,0.9997986252517185
uart_512B_100ms,9,data/processed/v3_ppk/peripheral/uart_tx_only/uart_512B_100ms/aligned_uart_512B_100ms_uart_512B_100ms_run9.csv,pulse,final_idle,1000001,1.1821264449575803,0.5437188458193265,0.610546000000177,0.5713054286945713
uart_512B_100ms,9,data/processed/v3_ppk/peripheral/uart_tx_only/uart_512B_100ms/aligned_uart_512B_100ms_uart_512B_100ms_run9.csv,pulse,idle_all,2000000,1.171223445689013,0.5157385879540873,0.6105460000000065,0.562629
uart_512B_100ms,9,data/processed/v3_ppk/peripheral/uart_tx_only/uart_512B_100ms/aligned_uart_512B_100ms_uart_512B_100ms_run9.csv,pulse,initial_idle,999999,1.160320424614425,0.48775827412827605,0.6105460000000065,0.5539525539525539
uart_512B_100ms,9,data/processed/v3_ppk/peripheral/uart_tx_only/uart_512B_100ms/aligned_uart_512B_100ms_uart_512B_100ms_run9.csv,pulse,inter_burst,1111110,1.4572972204721681,0.9791780207197412,0.6105477138087281,0.6652797652797653
uart_512B_100ms,10,data/processed/v3_ppk/peripheral/uart_tx_only/uart_512B_100ms/aligned_uart_512B_100ms_uart_512B_100ms_run10.csv,occupancy,burst,888896,9.859612230265974,9.859116414242504,9.583345999999835,0.9998323763409893
uart_512B_100ms,10,data/processed/v3_ppk/peripheral/uart_tx_only/uart_512B_100ms/aligned_uart_512B_100ms_uart_512B_100ms_run10.csv,occupancy,final_idle,1000001,1.2199918915661148,0.6414126722708429,0.610546000000177,0.6018163981836018
uart_512B_100ms,10,data/processed/v3_ppk/peripheral/uart_tx_only/uart_512B_100ms/aligned_uart_512B_100ms_uart_512B_100ms_run10.csv,occupancy,idle_all,2000001,1.3173991873939108,0.8486959249772948,0.610546000000177,0.6629066685466657
uart_512B_100ms,10,data/processed/v3_ppk/peripheral/uart_tx_only/uart_512B_100ms/aligned_uart_512B_100ms_uart_512B_100ms_run10.csv,occupancy,initial_idle,1000000,1.414806580629001,1.0559793849670018,1.3362729999999985,0.723997
uart_512B_100ms,10,data/processed/v3_ppk/peripheral/uart_tx_only/uart_512B_100ms/aligned_uart_512B_100ms_uart_512B_100ms_run10.csv,occupancy,inter_burst,1111104,9.861655546627333,9.861105160442056,9.583345999999835,0.9997938986809516
uart_512B_100ms,10,data/processed/v3_ppk/peripheral/uart_tx_only/uart_512B_100ms/aligned_uart_512B_100ms_uart_512B_100ms_run10.csv,pulse,burst,888896,20.851121792513233,20.850984023422804,20.799345999999666,0.9998638760889913
uart_512B_100ms,10,data/processed/v3_ppk/peripheral/uart_tx_only/uart_512B_100ms/aligned_uart_512B_100ms_uart_512B_100ms_run10.csv,pulse,final_idle,1000001,1.2195837165423193,0.64096895247922,0.610546000000177,0.6017853982146018
uart_512B_100ms,10,data/processed/v3_ppk/peripheral/uart_tx_only/uart_512B_100ms/aligned_uart_512B_100ms_uart_512B_100ms_run10.csv,pulse,idle_all,2000001,1.3171950997799693,0.8484740649705536,0.610546000000177,0.6628911685544158
uart_512B_100ms,10,data/processed/v3_ppk/peripheral/uart_tx_only/uart_512B_100ms/aligned_uart_512B_100ms_uart_512B_100ms_run10.csv,pulse,initial_idle,1000000,1.414806580629001,1.0559793849670018,1.3362729999999985,0.723997
uart_512B_100ms,10,data/processed/v3_ppk/peripheral/uart_tx_only/uart_512B_100ms/aligned_uart_512B_100ms_uart_512B_100ms_run10.csv,pulse,inter_burst,1111104,1.5056047528182428,1.0680130058877242,1.336273000000169,0.6889643093715799
uart_64B_100ms,1,data/processed/v3_ppk/peripheral/uart_tx_only/uart_64B_100ms/aligned_uart_64B_100ms_uart_64B_100ms_run1.csv,occupancy,burst,111089,1.4344745520876794,0.8717159696442891,1.0062549999998325,0.7983778771975624
uart_64B_100ms,1,data/processed/v3_ppk/peripheral/uart_tx_only/uart_64B_100ms/aligned_uart_64B_100ms_uart_64B_100ms_run1.csv,occupancy,final_idle,1000001,1.0671016933694917,-0.000626207752201869,-0.11534499999982728,0.3984166015833984
uart_64B_100ms,1,data/processed/v3_ppk/peripheral/uart_tx_only/uart_64B_100ms/aligned_uart_64B_100ms_uart_64B_100ms_run1.csv,occupancy,idle_all,2000001,1.069649343103921,0.031560324729633715,-0.11534499999982728,0.4087927956036022
uart_64B_100ms,1,data/processed/v3_ppk/peripheral/uart_tx_only/uart_64B_100ms/aligned_uart_64B_100ms_uart_64B_100ms_run1.csv,occupancy,initial_idle,1000000,1.0721969953859998,0.0637468893980018,-0.11534499999999781,0.419169
uart_64B_100ms,1,data/processed/v3_ppk/peripheral/uart_tx_only/uart_64B_100ms/aligned_uart_64B_100ms_uart_64B_100ms_run1.csv,occupancy,inter_burst,1888911,1.382554208821477,1.0811478885873564,1.0062549999998325,0.8407484524151747
uart_64B_100ms,1,data/processed/v3_ppk/peripheral/uart_tx_only/uart_64B_100ms/aligned_uart_64B_100ms_uart_64B_100ms_run1.csv,pulse,burst,111089,18.14675171460395,18.14201182315913,19.342350446465915,0.9970294088523616
uart_64B_100ms,1,data/processed/v3_ppk/peripheral/uart_tx_only/uart_64B_100ms/aligned_uart_64B_100ms_uart_64B_100ms_run1.csv,pulse,final_idle,1000001,1.0671052012027642,-0.000681672726154942,-0.11534499999982728,0.3983836016163984
uart_64B_100ms,1,data/processed/v3_ppk/peripheral/uart_tx_only/uart_64B_100ms/aligned_uart_64B_100ms_uart_64B_100ms_run1.csv,pulse,idle_all,2000001,1.0696510970214343,0.031532592228790936,-0.11534499999982728,0.4087762956118522
uart_64B_100ms,1,data/processed/v3_ppk/peripheral/uart_tx_only/uart_64B_100ms/aligned_uart_64B_100ms_uart_64B_100ms_run1.csv,pulse,initial_idle,1000000,1.0721969953859998,0.0637468893980018,-0.11534499999999781,0.419169
uart_64B_100ms,1,data/processed/v3_ppk/peripheral/uart_tx_only/uart_64B_100ms/aligned_uart_64B_100ms_uart_64B_100ms_run1.csv,pulse,inter_burst,1888911,1.1318799580729528,0.06525522459121982,-0.11534499999982728,0.3971124102723739
uart_64B_100ms,2,data/processed/v3_ppk/peripheral/uart_tx_only/uart_64B_100ms/aligned_uart_64B_100ms_uart_64B_100ms_run2.csv,occupancy,burst,111131,1.724210045730253,1.575509489573693,1.7321459999998368,0.9149742196146889
uart_64B_100ms,2,data/processed/v3_ppk/peripheral/uart_tx_only/uart_64B_100ms/aligned_uart_64B_100ms_uart_64B_100ms_run2.csv,occupancy,final_idle,1000001,1.0705153567790522,0.14990519590839452,-0.11534499999982728,0.4465925534074466
uart_64B_100ms,2,data/processed/v3_ppk/peripheral/uart_tx_only/uart_64B_100ms/aligned_uart_64B_100ms_uart_64B_100ms_run2.csv,occupancy,idle_all,2000001,1.1369287514463289,0.3923841989871967,0.6105460000000065,0.5244482377758811
uart_64B_100ms,2,data/processed/v3_ppk/peripheral/uart_tx_only/uart_64B_100ms/aligned_uart_64B_100ms_uart_64B_100ms_run2.csv,occupancy,initial_idle,1000000,1.2033422125270008,0.6348634445450019,0.6105460000000065,0.602304
uart_64B_100ms,2,data/processed/v3_ppk/peripheral/uart_tx_only/uart_64B_100ms/aligned_uart_64B_100ms_uart_64B_100ms_run2.csv,occupancy,inter_burst,1888869,1.7490391875490494,1.5895196720314801,1.7321459999998368,0.9153059317506932
uart_64B_100ms,2,data/processed/v3_ppk/peripheral/uart_tx_only/uart_64B_100ms/aligned_uart_64B_100ms_uart_64B_100ms_run2.csv,pulse,burst,111131,18.849488042204936,18.846484360416373,20.034531177721142,0.9979213720743987
uart_64B_100ms,2,data/processed/v3_ppk/peripheral/uart_tx_only/uart_64B_100ms/aligned_uart_64B_100ms_uart_64B_100ms_run2.csv,pulse,final_idle,1000001,1.0705011902647916,0.14984973093444137,-0.11534499999982728,0.4465685534314466
uart_64B_100ms,2,data/processed/v3_ppk/peripheral/uart_tx_only/uart_64B_100ms/aligned_uart_64B_100ms_uart_64B_100ms_run2.csv,pulse,idle_all,2000001,1.1369216681856569,0.39235646648635386,0.6105460000000065,0.5244362377818811
uart_64B_100ms,2,data/processed/v3_ppk/peripheral/uart_tx_only/uart_64B_100ms/aligned_uart_64B_100ms_uart_64B_100ms_run2.csv,pulse,initial_idle,1000000,1.2033422125270008,0.6348634445450019,0.6105460000000065,0.602304
uart_64B_100ms,2,data/processed/v3_ppk/peripheral/uart_tx_only/uart_64B_100ms/aligned_uart_64B_100ms_uart_64B_100ms_run2.csv,pulse,inter_burst,1888869,1.2522351042688238,0.5736293638403971,0.610546000000177,0.5587470597484526
uart_64B_100ms,3,data/processed/v3_ppk/peripheral/uart_tx_only/uart_64B_100ms/aligned_uart_64B_100ms_uart_64B_100ms_run3.csv,occupancy,burst,111052,1.5603624785638914,1.347658406096372,1.0062549999998325,0.8824424593883946
uart_64B_100ms,3,data/processed/v3_ppk/peripheral/uart_tx_only/uart_64B_100ms/aligned_uart_64B_100ms_uart_64B_100ms_run3.csv,occupancy,final_idle,1000000,1.0898916448412013,0.1827065881415901,-0.11534499999982728,0.456962
uart_64B_100ms,3,data/processed/v3_ppk/peripheral/uart_tx_only/uart_64B_100ms/aligned_uart_64B_100ms_uart_64B_100ms_run3.csv,occupancy,idle_all,2000000,1.1106741772501008,0.263516243291296,-0.11534499999982728,0.4829875
uart_64B_100ms,3,data/processed/v3_ppk/peripheral/uart_tx_only/uart_64B_100ms/aligned_uart_64B_100ms_uart_64B_100ms_run3.csv,occupancy,initial_idle,1000000,1.1314567096590007,0.34432589844100175,0.6105460000000065,0.509013
uart_64B_100ms,3,data/processed/v3_ppk/peripheral/uart_tx_only/uart_64B_100ms/aligned_uart_64B_100ms_uart_64B_100ms_run3.csv,occupancy,inter_burst,1888949,1.5378857882669932,1.2938200761415113,1.0062549999998325,0.8737938398548611
uart_64B_100ms,3,data/processed/v3_ppk/peripheral/uart_tx_only/uart_64B_100ms/aligned_uart_64B_100ms_uart_64B_100ms_run3.csv,pulse,burst,111052,18.621147259623047,18.617355652146728,19.72708400352814,0.9975146778085942
uart_64B_100ms,3,data/processed/v3_ppk/peripheral/uart_tx_only/uart_64B_100ms/aligned_uart_64B_100ms_uart_64B_100ms_run3.csv,pulse,final_idle,1000000,1.0898619215639855,0.1826511231121723,-0.11534499999982728,0.45694
uart_64B_100ms,3,data/processed/v3_ppk/peripheral/uart_tx_only/uart_64B_100ms/aligned_uart_64B_100ms_uart_64B_100ms_run3.csv,pulse,idle_all,2000000,1.1106593156114928,0.2634885107765871,-0.11534499999982728,0.4829765
uart_64B_100ms,3,data/processed/v3_ppk/peripheral/uart_tx_only/uart_64B_100ms/aligned_uart_64B_100ms_uart_64B_100ms_run3.csv,pulse,initial_idle,1000000,1.1314567096590007,0.34432589844100175,0.6105460000000065,0.509013
uart_64B_100ms,3,data/processed/v3_ppk/peripheral/uart_tx_only/uart_64B_100ms/aligned_uart_64B_100ms_uart_64B_100ms_run3.csv,pulse,inter_burst,1888949,1.1851828487446154,0.2779252809206514,-0.11534499999982728,0.4653471321883227
uart_64B_100ms,4,data/processed/v3_ppk/peripheral/uart_tx_only/uart_64B_100ms/aligned_uart_64B_100ms_uart_64B_100ms_run4.csv,occupancy,burst,111118,1.706899784206599,1.5474105968953225,1.7321459999998368,0.9104015551035836
uart_64B_100ms,4,data/processed/v3_ppk/peripheral/uart_tx_only/uart_64B_100ms/aligned_uart_64B_100ms_uart_64B_100ms_run4.csv,occupancy,final_idle,1000001,1.0680362980819536,0.10890453468705544,-0.11534499999982728,0.43286356713643287
uart_64B_100ms,4,data/processed/v3_ppk/peripheral/uart_tx_only/uart_64B_100ms/aligned_uart_64B_100ms_uart_64B_100ms_run4.csv,occupancy,idle_all,2000001,1.0963291736255394,0.2128703539266189,-0.11534499999982728,0.4668542665728667
uart_64B_100ms,4,data/processed/v3_ppk/peripheral/uart_tx_only/uart_64B_100ms/aligned_uart_64B_100ms_uart_64B_100ms_run4.csv,occupancy,initial_idle,1000000,1.1246220774620002,0.31683627713200174,0.6105460000000065,0.500845
uart_64B_100ms,4,data/processed/v3_ppk/peripheral/uart_tx_only/uart_64B_100ms/aligned_uart_64B_100ms_uart_64B_100ms_run4.csv,occupancy,inter_burst,1888882,1.7196742211286113,1.5442095279559178,1.7321459999998368,0.9075807805887292
uart_64B_100ms,4,data/processed/v3_ppk/peripheral/uart_tx_only/uart_64B_100ms/aligned_uart_64B_100ms_uart_64B_100ms_run4.csv,pulse,burst,111118,18.82069256404298,18.818175350557954,20.011185379617537,0.9980201227523894
uart_64B_100ms,4,data/processed/v3_ppk/peripheral/uart_tx_only/uart_64B_100ms/aligned_uart_64B_100ms_uart_64B_100ms_run4.csv,pulse,final_idle,1000001,1.0680229598830175,0.10884906971310267,-0.11534499999982728,0.43283356716643284
uart_64B_100ms,4,data/processed/v3_ppk/peripheral/uart_tx_only/uart_64B_100ms/aligned_uart_64B_100ms_uart_64B_100ms_run4.csv,pulse,idle_all,2000001,1.096322504522737,0.21284262142577634,-0.11534499999982728,0.46683926658036673
uart_64B_100ms,4,data/processed/v3_ppk/peripheral/uart_tx_only/uart_64B_100ms/aligned_uart_64B_100ms_uart_64B_100ms_run4.csv,pulse,initial_idle,1000000,1.1246220774620002,0.31683627713200174,0.6105460000000065,0.500845
uart_64B_100ms,4,data/processed/v3_ppk/peripheral/uart_tx_only/uart_64B_100ms/aligned_uart_64B_100ms_uart_64B_100ms_run4.csv,pulse,inter_burst,1888882,1.2477724112273167,0.5283184905761718,0.610546000000177,0.5434399819575813
uart_64B_100ms,5,data/processed/v3_ppk/peripheral/uart_tx_only/uart_64B_100ms/aligned_uart_64B_100ms_uart_64B_100ms_run5.csv,occupancy,burst,111085,1.7555762035238984,1.614497958264521,1.7321459999998368,0.9202052482333348
uart_64B_100ms,5,data/processed/v3_ppk/peripheral/uart_tx_only/uart_64B_100ms/aligned_uart_64B_100ms_uart_64B_100ms_run5.csv,occupancy,final_idle,1000001,1.1290583723604435,0.37427956591802464,0.610546000000177,0.5181344818655181
uart_64B_100ms,5,data/processed/v3_ppk/peripheral/uart_tx_only/uart_64B_100ms/aligned_uart_64B_100ms_uart_64B_100ms_run5.csv,occupancy,idle_all,2000001,1.1765636176255996,0.532106291351651,0.6105460000000065,0.5689212155393922
uart_64B_100ms,5,data/processed/v3_ppk/peripheral/uart_tx_only/uart_64B_100ms/aligned_uart_64B_100ms_uart_64B_100ms_run5.csv,occupancy,initial_idle,1000000,1.2240689103960007,0.689933174612002,0.6105460000000065,0.619708
uart_64B_100ms,5,data/processed/v3_ppk/peripheral/uart_tx_only/uart_64B_100ms/aligned_uart_64B_100ms_uart_64B_100ms_run5.csv,occupancy,inter_burst,1888915,1.7648316129315424,1.6084642269310336,1.7321459999998368,0.9173689657819436
uart_64B_100ms,5,data/processed/v3_ppk/peripheral/uart_tx_only/uart_64B_100ms/aligned_uart_64B_100ms_uart_64B_100ms_run5.csv,pulse,burst,111085,18.887034019662522,18.88472911668285,20.055908138490103,0.9981365620920917
uart_64B_100ms,5,data/processed/v3_ppk/peripheral/uart_tx_only/uart_64B_100ms/aligned_uart_64B_100ms_uart_64B_100ms_run5.csv,pulse,final_idle,1000001,1.1290448695091369,0.3742241009440715,0.610546000000177,0.5181064818935182
uart_64B_100ms,5,data/processed/v3_ppk/peripheral/uart_tx_only/uart_64B_100ms/aligned_uart_64B_100ms_uart_64B_100ms_run5.csv,pulse,idle_all,2000001,1.1765568661965704,0.5320785588508081,0.6105460000000065,0.5689072155463922
uart_64B_100ms,5,data/processed/v3_ppk/peripheral/uart_tx_only/uart_64B_100ms/aligned_uart_64B_100ms_uart_64B_100ms_run5.csv,pulse,initial_idle,1000000,1.2240689103960007,0.689933174612002,0.6105460000000065,0.619708
uart_64B_100ms,5,data/processed/v3_ppk/peripheral/uart_tx_only/uart_64B_100ms/aligned_uart_64B_100ms_uart_64B_100ms_run5.csv,pulse,inter_burst,1888915,1.2613584048661917,0.5925713385781142,0.610546000000177,0.5638427351151323
uart_64B_100ms,6,data/processed/v3_ppk/peripheral/uart_tx_only/uart_64B_100ms/aligned_uart_64B_100ms_uart_64B_100ms_run6.csv,occupancy,burst,111110,1.8416891094625814,1.722556224784577,1.7321459999998368,0.9309963099630997
uart_64B_100ms,6,data/processed/v3_ppk/peripheral/uart_tx_only/uart_64B_100ms/aligned_uart_64B_100ms_uart_64B_100ms_run6.csv,occupancy,final_idle,1000000,1.2025094411951909,0.5922967055655906,0.610546000000177,0.586942
uart_64B_100ms,6,data/processed/v3_ppk/peripheral/uart_tx_only/uart_64B_100ms/aligned_uart_64B_100ms_uart_64B_100ms_run6.csv,occupancy,idle_all,2000000,1.1979238373090952,0.5813629337542964,0.6105460000000065,0.583494
uart_64B_100ms,6,data/processed/v3_ppk/peripheral/uart_tx_only/uart_64B_100ms/aligned_uart_64B_100ms_uart_64B_100ms_run6.csv,occupancy,initial_idle,1000000,1.1933382334230005,0.5704291619430018,0.6105460000000065,0.580046
uart_64B_100ms,6,data/processed/v3_ppk/peripheral/uart_tx_only/uart_64B_100ms/aligned_uart_64B_100ms_uart_64B_100ms_run6.csv,occupancy,inter_burst,1888890,1.8518541941862123,1.7185858552819013,1.7321459999998368,0.9294342179798718
uart_64B_100ms,6,data/processed/v3_ppk/peripheral/uart_tx_only/uart_64B_100ms/aligned_uart_64B_100ms_uart_64B_100ms_run6.csv,pulse,burst,111110,18.995859660676285,18.993191651128377,20.067865719383356,0.9979209792097921
uart_64B_100ms,6,data/processed/v3_ppk/peripheral/uart_tx_only/uart_64B_100ms/aligned_uart_64B_100ms_uart_64B_100ms_run6.csv,pulse,final_idle,1000000,1.20247923291803,0.5922412405361723,0.610546000000177,0.586924
uart_64B_100ms,6,data/processed/v3_ppk/peripheral/uart_tx_only/uart_64B_100ms/aligned_uart_64B_100ms_uart_64B_100ms_run6.csv,pulse,idle_all,2000000,1.197908733170515,0.5813352012395873,0.6105460000000065,0.583485
uart_64B_100ms,6,data/processed/v3_ppk/peripheral/uart_tx_only/uart_64B_100ms/aligned_uart_64B_100ms_uart_64B_100ms_run6.csv,pulse,initial_idle,1000000,1.1933382334230005,0.5704291619430018,0.6105460000000065,0.580046
uart_64B_100ms,6,data/processed/v3_ppk/peripheral/uart_tx_only/uart_64B_100ms/aligned_uart_64B_100ms_uart_64B_100ms_run6.csv,pulse,inter_burst,1888890,1.3017853531179628,0.7026943691752792,0.610546000000177,0.5975122955810026
uart_64B_100ms,7,data/processed/v3_ppk/peripheral/uart_tx_only/uart_64B_100ms/aligned_uart_64B_100ms_uart_64B_100ms_run7.csv,occupancy,burst,111104,1.7300060982446999,1.519787019952606,1.7321459999998368,0.9000666042626728
uart_64B_100ms,7,data/processed/v3_ppk/peripheral/uart_tx_only/uart_64B_100ms/aligned_uart_64B_100ms_uart_64B_100ms_run7.csv,occupancy,final_idle,1000000,1.230153081612321,0.7053765618875908,0.610546000000177,0.624473
uart_64B_100ms,7,data/processed/v3_ppk/peripheral/uart_tx_only/uart_64B_100ms/aligned_uart_64B_100ms_uart_64B_100ms_run7.csv,occupancy,idle_all,2000000,1.173417146909661,0.5347479956932963,0.6105460000000065,0.569776
uart_64B_100ms,7,data/processed/v3_ppk/peripheral/uart_tx_only/uart_64B_100ms/aligned_uart_64B_100ms_uart_64B_100ms_run7.csv,occupancy,initial_idle,1000000,1.1166812122070005,0.36411942949900183,0.6105460000000065,0.515079
uart_64B_100ms,7,data/processed/v3_ppk/peripheral/uart_tx_only/uart_64B_100ms/aligned_uart_64B_100ms_uart_64B_100ms_run7.csv,occupancy,inter_burst,1888896,1.7890999840887671,1.6421460682337372,1.7321459999998368,0.9211227087145084
uart_64B_100ms,7,data/processed/v3_ppk/peripheral/uart_tx_only/uart_64B_100ms/aligned_uart_64B_100ms_uart_64B_100ms_run7.csv,pulse,burst,111104,18.794590852251883,18.79032543858843,20.05279277454131,0.9974258352534562
uart_64B_100ms,7,data/processed/v3_ppk/peripheral/uart_tx_only/uart_64B_100ms/aligned_uart_64B_100ms_uart_64B_100ms_run7.csv,pulse,final_idle,1000000,1.2301462241100427,0.7053210968581727,0.610546000000177,0.624446
uart_64B_100ms,7,data/processed/v3_ppk/peripheral/uart_tx_only/uart_64B_100ms/aligned_uart_64B_100ms_uart_64B_100ms_run7.csv,pulse,idle_all,2000000,1.173413718158522,0.5347202631785873,0.6105460000000065,0.5697625
uart_64B_100ms,7,data/processed/v3_ppk/peripheral/uart_tx_only/uart_64B_100ms/aligned_uart_64B_100ms_uart_64B_100ms_run7.csv,pulse,initial_idle,1000000,1.1166812122070005,0.36411942949900183,0.6105460000000065,0.515079
uart_64B_100ms,7,data/processed/v3_ppk/peripheral/uart_tx_only/uart_64B_100ms/aligned_uart_64B_100ms_uart_64B_100ms_run7.csv,pulse,inter_burst,1888896,1.2721970297157632,0.6262542455849355,0.610546000000177,0.5734587822728197
uart_64B_100ms,8,data/processed/v3_ppk/peripheral/uart_tx_only/uart_64B_100ms/aligned_uart_64B_100ms_uart_64B_100ms_run8.csv,occupancy,burst,111052,1.771250700798029,1.5754534422145867,1.7321459999998368,0.9058549148146814
uart_64B_100ms,8,data/processed/v3_ppk/peripheral/uart_tx_only/uart_64B_100ms/aligned_uart_64B_100ms_uart_64B_100ms_run8.csv,occupancy,final_idle,1000000,1.1887016145246416,0.5520770089975902,0.610546000000177,0.574915
uart_64B_100ms,8,data/processed/v3_ppk/peripheral/uart_tx_only/uart_64B_100ms/aligned_uart_64B_100ms_uart_64B_100ms_run8.csv,occupancy,idle_all,2000000,1.208975171875321,0.6081538289277961,0.6105460000000065,0.5918085
uart_64B_100ms,8,data/processed/v3_ppk/peripheral/uart_tx_only/uart_64B_100ms/aligned_uart_64B_100ms_uart_64B_100ms_run8.csv,occupancy,initial_idle,1000000,1.2292487292260008,0.6642306488580018,0.6105460000000065,0.608702
uart_64B_100ms,8,data/processed/v3_ppk/peripheral/uart_tx_only/uart_64B_100ms/aligned_uart_64B_100ms_uart_64B_100ms_run8.csv,occupancy,inter_burst,1888949,1.8433706097375648,1.7127688934436205,1.7321459999998368,0.9295438892209371
uart_64B_100ms,8,data/processed/v3_ppk/peripheral/uart_tx_only/uart_64B_100ms/aligned_uart_64B_100ms_uart_64B_100ms_run8.csv,pulse,burst,111052,18.847660320494786,18.845150688264944,20.027620433448966,0.998063970032057
uart_64B_100ms,8,data/processed/v3_ppk/peripheral/uart_tx_only/uart_64B_100ms/aligned_uart_64B_100ms_uart_64B_100ms_run8.csv,pulse,final_idle,1000000,1.1886745726860264,0.5520215439681723,0.610546000000177,0.574901
uart_64B_100ms,8,data/processed/v3_ppk/peripheral/uart_tx_only/uart_64B_100ms/aligned_uart_64B_100ms_uart_64B_100ms_run8.csv,pulse,idle_all,2000000,1.2089616509560135,0.6081260964130872,0.6105460000000065,0.5918015
uart_64B_100ms,8,data/processed/v3_ppk/peripheral/uart_tx_only/uart_64B_100ms/aligned_uart_64B_100ms_uart_64B_100ms_run8.csv,pulse,initial_idle,1000000,1.2292487292260008,0.6642306488580018,0.6105460000000065,0.608702
uart_64B_100ms,8,data/processed/v3_ppk/peripheral/uart_tx_only/uart_64B_100ms/aligned_uart_64B_100ms_uart_64B_100ms_run8.csv,pulse,inter_burst,1888949,1.294585553113422,0.696874098222759,0.610546000000177,0.5957492764494965
uart_64B_100ms,9,data/processed/v3_ppk/peripheral/uart_tx_only/uart_64B_100ms/aligned_uart_64B_100ms_uart_64B_100ms_run9.csv,occupancy,burst,111085,2.0182668734587983,1.94445026621789,1.7321459999998368,0.9558356213710222
uart_64B_100ms,9,data/processed/v3_ppk/peripheral/uart_tx_only/uart_64B_100ms/aligned_uart_64B_100ms_uart_64B_100ms_run9.csv,occupancy,final_idle,1000001,1.1241607223792145,0.36763580836278187,0.610546000000177,0.5162834837165163
uart_64B_100ms,9,data/processed/v3_ppk/peripheral/uart_tx_only/uart_64B_100ms/aligned_uart_64B_100ms_uart_64B_100ms_run9.csv,occupancy,idle_all,2000001,1.187482939279,0.5562114236380842,0.6105460000000065,0.575939212030394
uart_64B_100ms,9,data/processed/v3_ppk/peripheral/uart_tx_only/uart_64B_100ms/aligned_uart_64B_100ms_uart_64B_100ms_run9.csv,occupancy,initial_idle,1000000,1.2508052195010002,0.7447872274890018,0.6105460000000065,0.635595
uart_64B_100ms,9,data/processed/v3_ppk/peripheral/uart_tx_only/uart_64B_100ms/aligned_uart_64B_100ms_uart_64B_100ms_run9.csv,occupancy,inter_burst,1888915,2.0018419660164666,1.9132988908984432,1.7321459999998368,0.9522233663240538
uart_64B_100ms,9,data/processed/v3_ppk/peripheral/uart_tx_only/uart_64B_100ms/aligned_uart_64B_100ms_uart_64B_100ms_run9.csv,pulse,burst,111085,19.21628400789422,19.21468142463622,20.191222633032332,0.9985596615204573
uart_64B_100ms,9,data/processed/v3_ppk/peripheral/uart_tx_only/uart_64B_100ms/aligned_uart_64B_100ms_uart_64B_100ms_run9.csv,pulse,final_idle,1000001,1.1241352496357562,0.3675803433888287,0.610546000000177,0.5162684837315162
uart_64B_100ms,9,data/processed/v3_ppk/peripheral/uart_tx_only/uart_64B_100ms/aligned_uart_64B_100ms_uart_64B_100ms_run9.csv,pulse,idle_all,2000001,1.1874702029009025,0.5561836911372414,0.6105460000000065,0.575931712034144
uart_64B_100ms,9,data/processed/v3_ppk/peripheral/uart_tx_only/uart_64B_100ms/aligned_uart_64B_100ms_uart_64B_100ms_run9.csv,pulse,initial_idle,1000000,1.2508052195010002,0.7447872274890018,0.6105460000000065,0.635595
uart_64B_100ms,9,data/processed/v3_ppk/peripheral/uart_tx_only/uart_64B_100ms/aligned_uart_64B_100ms_uart_64B_100ms_run9.csv,pulse,inter_burst,1888915,1.3624995836839178,0.8974060025455238,0.610546000000177,0.6593848849736489
uart_64B_100ms,10,data/processed/v3_ppk/peripheral/uart_tx_only/uart_64B_100ms/aligned_uart_64B_100ms_uart_64B_100ms_run10.csv,occupancy,burst,111085,1.6689268668693964,1.2504732693236207,1.0062549999998325,0.8570914164828735
uart_64B_100ms,10,data/processed/v3_ppk/peripheral/uart_tx_only/uart_64B_100ms/aligned_uart_64B_100ms_uart_64B_100ms_run10.csv,occupancy,final_idle,1000001,1.2251344930911052,0.6925571579064329,0.610546000000177,0.6203223796776203
uart_64B_100ms,10,data/processed/v3_ppk/peripheral/uart_tx_only/uart_64B_100ms/aligned_uart_64B_100ms_uart_64B_100ms_run10.csv,occupancy,idle_all,2000001,1.2395588180553911,0.7222740682967623,0.610546000000177,0.6291641854179073
uart_64B_100ms,10,data/processed/v3_ppk/peripheral/uart_tx_only/uart_64B_100ms/aligned_uart_64B_100ms_uart_64B_100ms_run10.csv,occupancy,initial_idle,1000000,1.2539831574440017,0.751991008404002,0.6105460000000065,0.638006
uart_64B_100ms,10,data/processed/v3_ppk/peripheral/uart_tx_only/uart_64B_100ms/aligned_uart_64B_100ms_uart_64B_100ms_run10.csv,occupancy,inter_burst,1888915,1.639726741210902,1.4592588915136115,1.7321459999998368,0.900038381822369
uart_64B_100ms,10,data/processed/v3_ppk/peripheral/uart_tx_only/uart_64B_100ms/aligned_uart_64B_100ms_uart_64B_100ms_run10.csv,pulse,burst,111085,18.52348367271523,18.520704427740547,19.4843145066747,0.9979745240131431
uart_64B_100ms,10,data/processed/v3_ppk/peripheral/uart_tx_only/uart_64B_100ms/aligned_uart_64B_100ms_uart_64B_100ms_run10.csv,pulse,final_idle,1000001,1.2251321108379305,0.6925016929324798,0.610546000000177,0.6202953797046203
uart_64B_100ms,10,data/processed/v3_ppk/peripheral/uart_tx_only/uart_64B_100ms/aligned_uart_64B_100ms_uart_64B_100ms_run10.csv,pulse,idle_all,2000001,1.2395576269282083,0.7222463357959195,0.610546000000177,0.6291506854246572
uart_64B_100ms,10,data/processed/v3_ppk/peripheral/uart_tx_only/uart_64B_100ms/aligned_uart_64B_100ms_uart_64B_100ms_run10.csv,pulse,initial_idle,1000000,1.2539831574440017,0.751991008404002,0.6105460000000065,0.638006
uart_64B_100ms,10,data/processed/v3_ppk/peripheral/uart_tx_only/uart_64B_100ms/aligned_uart_64B_100ms_uart_64B_100ms_run10.csv,pulse,inter_burst,1888915,1.2031958912138392,0.4433660031606627,0.610546000000177,0.5152015839781038
